product_id,irisu,id_box,,
071413-0660,5000,0,0,f606ea4c-3274-4db6-9c95-52304761b41d,
071413-0670,5000,0,0,f606ea4c-3274-4db6-9c95-52304761b41d,
101,1000,8,0,f606ea4c-3274-4db6-9c95-52304761b41d,
113884,300,8,0,f606ea4c-3274-4db6-9c95-52304761b41d,
113885-01,300,8,0,f606ea4c-3274-4db6-9c95-52304761b41d,
3052-07548-01-,300,8,0,f606ea4c-3274-4db6-9c95-52304761b41d,
3053-07550-00,800,2,0,f606ea4c-3274-4db6-9c95-52304761b41d,
3053-07552-00,1000,8,0,f606ea4c-3274-4db6-9c95-52304761b41d,
353-07553-00,800,2,0,f606ea4c-3274-4db6-9c95-52304761b41d,
381332,120,8,0,f606ea4c-3274-4db6-9c95-52304761b41d,
381333,50,1,0,f606ea4c-3274-4db6-9c95-52304761b41d,
381334,50,1,0,f606ea4c-3274-4db6-9c95-52304761b41d,
381335,120,8,0,f606ea4c-3274-4db6-9c95-52304761b41d,
5J042-52352,400,8,0,f606ea4c-3274-4db6-9c95-52304761b41d,
6-7-M4,1000,0,0,f606ea4c-3274-4db6-9c95-52304761b41d,
A106,1000,0,0,f606ea4c-3274-4db6-9c95-52304761b41d,
AWW003P3EK00,300,8,0,f606ea4c-3274-4db6-9c95-52304761b41d,
AWW003P3EK01,300,8,0,f606ea4c-3274-4db6-9c95-52304761b41d,
AWW003PA0X00,400,8,0,f606ea4c-3274-4db6-9c95-52304761b41d,
AWW0110A01H0,456,1,0,f606ea4c-3274-4db6-9c95-52304761b41d,
AWW0110A01T0,456,1,0,f606ea4c-3274-4db6-9c95-52304761b41d,
AWW0110A01W0,456,1,0,f606ea4c-3274-4db6-9c95-52304761b41d,
AWW0110A0CH0,456,1,0,f606ea4c-3274-4db6-9c95-52304761b41d,
AWW0195A1Z00,1200,8,0,f606ea4c-3274-4db6-9c95-52304761b41d,
AWW031NA0CH0,1000,8,0,f606ea4c-3274-4db6-9c95-52304761b41d,
AWW031NA0CW0,1000,8,0,f606ea4c-3274-4db6-9c95-52304761b41d,
AWW03393EK00,300,8,0,f606ea4c-3274-4db6-9c95-52304761b41d,
AWW03393EK01,300,8,0,f606ea4c-3274-4db6-9c95-52304761b41d,
AWW0339A0X00,400,8,0,f606ea4c-3274-4db6-9c95-52304761b41d,
AWW0970A0CH0,1000,8,0,f606ea4c-3274-4db6-9c95-52304761b41d,
AWW0970A0CW0,1000,8,0,f606ea4c-3274-4db6-9c95-52304761b41d,
AWW1096A1ZJ0,144,8,0,f606ea4c-3274-4db6-9c95-52304761b41d,
AWW1096A1ZS0,144,8,0,f606ea4c-3274-4db6-9c95-52304761b41d,
AWW1096A1ZT0,144,8,0,f606ea4c-3274-4db6-9c95-52304761b41d,
AWW1096A1ZW0,144,8,0,f606ea4c-3274-4db6-9c95-52304761b41d,
AWW1097A1ZJ0,176,8,0,f606ea4c-3274-4db6-9c95-52304761b41d,
AWW1097A1ZS0,176,8,0,f606ea4c-3274-4db6-9c95-52304761b41d,
AWW1097A1ZT0,176,8,0,f606ea4c-3274-4db6-9c95-52304761b41d,
AWW1097A1ZW0,176,0,0,f606ea4c-3274-4db6-9c95-52304761b41d,
AWW1238A1900,120,0,0,f606ea4c-3274-4db6-9c95-52304761b41d,
AWW2103A1Z00,3000,8,0,f606ea4c-3274-4db6-9c95-52304761b41d,
AWW2111A0CH0,1000,8,0,f606ea4c-3274-4db6-9c95-52304761b41d,
AWW2111A0CW0,1000,8,0,f606ea4c-3274-4db6-9c95-52304761b41d,
AWW2131A0C00,400,2,0,f606ea4c-3274-4db6-9c95-52304761b41d,
B-50,500,8,0,f606ea4c-3274-4db6-9c95-52304761b41d,
BB00837-Z00-2,1000,8,0,f606ea4c-3274-4db6-9c95-52304761b41d,
BON-CO-20002,220,2,0,f606ea4c-3274-4db6-9c95-52304761b41d,
BON-CS-20004,48,3,0,f606ea4c-3274-4db6-9c95-52304761b41d,
BON-CS-20008,400,3,0,f606ea4c-3274-4db6-9c95-52304761b41d,
BON-CS-20009,400,3,0,f606ea4c-3274-4db6-9c95-52304761b41d,
BON-CS-20010,400,3,0,f606ea4c-3274-4db6-9c95-52304761b41d,
BON-CS-20011,400,3,0,f606ea4c-3274-4db6-9c95-52304761b41d,
BON-CS-20012,48,3,0,f606ea4c-3274-4db6-9c95-52304761b41d,
BON-CS-20013,400,3,0,f606ea4c-3274-4db6-9c95-52304761b41d,
BON-CS-20014,400,3,0,f606ea4c-3274-4db6-9c95-52304761b41d,
BON-DFL-20001,440,0,0,f606ea4c-3274-4db6-9c95-52304761b41d,
BON-DFL-20008,500,0,0,f606ea4c-3274-4db6-9c95-52304761b41d,
BON-DFL-20009,500,0,0,f606ea4c-3274-4db6-9c95-52304761b41d,
BON-EX-20014,240,0,0,f606ea4c-3274-4db6-9c95-52304761b41d,
BON-EX-20015,240,0,0,f606ea4c-3274-4db6-9c95-52304761b41d,
BON-IA-20002,200,0,0,f606ea4c-3274-4db6-9c95-52304761b41d,
BON-IA-20003,200,0,0,f606ea4c-3274-4db6-9c95-52304761b41d,
BON-IA-20004,200,0,0,f606ea4c-3274-4db6-9c95-52304761b41d,
BON-MD-20015,800,8,0,f606ea4c-3274-4db6-9c95-52304761b41d,
BON-MD-20018,352,14,0,f606ea4c-3274-4db6-9c95-52304761b41d,
BON-MD-20018A,352,14,0,f606ea4c-3274-4db6-9c95-52304761b41d,
BON-MD-20023,360,14,0,f606ea4c-3274-4db6-9c95-52304761b41d,
BON-MD-20025,200,2,0,f606ea4c-3274-4db6-9c95-52304761b41d,
BON-MD-20026,270,2,0,f606ea4c-3274-4db6-9c95-52304761b41d,
BON-NDS-20001,500,2,0,f606ea4c-3274-4db6-9c95-52304761b41d,
BON-NDS-20002,500,2,0,f606ea4c-3274-4db6-9c95-52304761b41d,
BON-PCC-20001,1600,2,0,f606ea4c-3274-4db6-9c95-52304761b41d,
BON-SG-20003,720,2,0,f606ea4c-3274-4db6-9c95-52304761b41d,
BON-SG-20004,720,2,0,f606ea4c-3274-4db6-9c95-52304761b41d,
BON-SO-20024,160,10,0,f606ea4c-3274-4db6-9c95-52304761b41d,
BON-SO-20025,160,10,0,f606ea4c-3274-4db6-9c95-52304761b41d,
BON-SO-20026,160,10,0,f606ea4c-3274-4db6-9c95-52304761b41d,
BON-SO-20027,160,10,0,f606ea4c-3274-4db6-9c95-52304761b41d,
BON-UR-20011,500,2,0,f606ea4c-3274-4db6-9c95-52304761b41d,
BON-UR-20012,500,2,0,f606ea4c-3274-4db6-9c95-52304761b41d,
CAS-MD-20009,112,8,0,f606ea4c-3274-4db6-9c95-52304761b41d,
CAS-MD-20010,112,8,0,f606ea4c-3274-4db6-9c95-52304761b41d,
CAS-MD-20011,112,8,0,f606ea4c-3274-4db6-9c95-52304761b41d,
CAS-MD-20012,112,8,0,f606ea4c-3274-4db6-9c95-52304761b41d,
CAS-MD-20013,112,8,0,f606ea4c-3274-4db6-9c95-52304761b41d,
CAS-MD-20014,112,8,0,f606ea4c-3274-4db6-9c95-52304761b41d,
CAS-MD-20015,112,8,0,f606ea4c-3274-4db6-9c95-52304761b41d,
CAS-MD-20016,112,8,0,f606ea4c-3274-4db6-9c95-52304761b41d,
CAS-MD-20017,112,8,0,f606ea4c-3274-4db6-9c95-52304761b41d,
CAS-MD-20018,112,8,0,f606ea4c-3274-4db6-9c95-52304761b41d,
CAS-MD-20019,112,8,0,f606ea4c-3274-4db6-9c95-52304761b41d,
CAS-MD-20020,112,8,0,f606ea4c-3274-4db6-9c95-52304761b41d,
CAS-MD-20021,84,0,0,f606ea4c-3274-4db6-9c95-52304761b41d,
CAS-MD-20022,84,0,0,f606ea4c-3274-4db6-9c95-52304761b41d,
CAS-NDS-20001,30,0,0,f606ea4c-3274-4db6-9c95-52304761b41d,
CAS-NDS-20002,144,0,0,f606ea4c-3274-4db6-9c95-52304761b41d,
CAS-PCC-20001,180,8,0,f606ea4c-3274-4db6-9c95-52304761b41d,
CAS-PCC-20002,180,8,0,f606ea4c-3274-4db6-9c95-52304761b41d,
CAS-PCC-20003,180,8,0,f606ea4c-3274-4db6-9c95-52304761b41d,
CAS-PCC-20004,168,8,0,f606ea4c-3274-4db6-9c95-52304761b41d,
CG-0827,300,8,0,f606ea4c-3274-4db6-9c95-52304761b41d,
DG-01922,500,8,0,f606ea4c-3274-4db6-9c95-52304761b41d,
F9MP161020,176,1,0,f606ea4c-3274-4db6-9c95-52304761b41d,
F9MP161021,176,1,0,f606ea4c-3274-4db6-9c95-52304761b41d,
F9MP161022,500,8,0,f606ea4c-3274-4db6-9c95-52304761b41d,
FBOC47-073-5,90,2,0,f606ea4c-3274-4db6-9c95-52304761b41d,
FJBHC00X1X,1000,8,0,f606ea4c-3274-4db6-9c95-52304761b41d,
FJBHC00X5X,1000,8,0,f606ea4c-3274-4db6-9c95-52304761b41d,
FJBHC00X6X,1000,8,0,f606ea4c-3274-4db6-9c95-52304761b41d,
FJBHC00XGX,1000,8,0,f606ea4c-3274-4db6-9c95-52304761b41d,
FJBHC00XSX,1000,8,0,f606ea4c-3274-4db6-9c95-52304761b41d,
FJBHK00X1X,250,2,0,f606ea4c-3274-4db6-9c95-52304761b41d,
FJBHK00X5X,250,2,0,f606ea4c-3274-4db6-9c95-52304761b41d,
FJBHK00X6X,250,2,0,f606ea4c-3274-4db6-9c95-52304761b41d,
FJBHK00XGX,250,2,0,f606ea4c-3274-4db6-9c95-52304761b41d,
FJBHK00XSX,250,2,0,f606ea4c-3274-4db6-9c95-52304761b41d,
G-NDIA-04A,3000,2,0,f606ea4c-3274-4db6-9c95-52304761b41d,
G-RGIA-04,2000,2,0,f606ea4c-3274-4db6-9c95-52304761b41d,
H0193-44200,500,8,0,f606ea4c-3274-4db6-9c95-52304761b41d,
H0509-34430,100,2,0,f606ea4c-3274-4db6-9c95-52304761b41d,
H0514-37700X,500,8,0,f606ea4c-3274-4db6-9c95-52304761b41d,
H1193-34400D,500,8,0,f606ea4c-3274-4db6-9c95-52304761b41d,
H1193-34400Z,4,8,0,f606ea4c-3274-4db6-9c95-52304761b41d,
H1193-34410D,500,8,0,f606ea4c-3274-4db6-9c95-52304761b41d,
H1193-34420D,500,8,0,f606ea4c-3274-4db6-9c95-52304761b41d,
H1193-37810X,500,8,0,f606ea4c-3274-4db6-9c95-52304761b41d,
H1307-34420,500,8,0,f606ea4c-3274-4db6-9c95-52304761b41d,
H1307-40310,500,0,0,f606ea4c-3274-4db6-9c95-52304761b41d,
H1308-38740,400,0,0,f606ea4c-3274-4db6-9c95-52304761b41d,
H1308-40310,500,0,0,f606ea4c-3274-4db6-9c95-52304761b41d,
H1316-40300,132,0,0,f606ea4c-3274-4db6-9c95-52304761b41d,
H2131-36600D,5000,8,0,f606ea4c-3274-4db6-9c95-52304761b41d,
H2131-36600X,5000,8,0,f606ea4c-3274-4db6-9c95-52304761b41d,
H2131-36600Z,500,8,0,f606ea4c-3274-4db6-9c95-52304761b41d,
H2364-41200,250,8,0,f606ea4c-3274-4db6-9c95-52304761b41d,
H85064,500,8,0,f606ea4c-3274-4db6-9c95-52304761b41d,
H85064-0,500,2,0,f606ea4c-3274-4db6-9c95-52304761b41d,
H85187,9999,0,0,f606ea4c-3274-4db6-9c95-52304761b41d,
HC-003131,90,1,0,f606ea4c-3274-4db6-9c95-52304761b41d,
J199,2000,0,0,f606ea4c-3274-4db6-9c95-52304761b41d,
MLD-CO-20009,600,8,0,f606ea4c-3274-4db6-9c95-52304761b41d,
MLD-CO-20010,600,8,0,f606ea4c-3274-4db6-9c95-52304761b41d,
MLD-CO-20011,600,8,0,f606ea4c-3274-4db6-9c95-52304761b41d,
MLD-CO-20012,1200,8,0,f606ea4c-3274-4db6-9c95-52304761b41d,
MLD-CO-20013,600,8,0,f606ea4c-3274-4db6-9c95-52304761b41d,
MLD-CO-20014,600,8,0,f606ea4c-3274-4db6-9c95-52304761b41d,
MLD-CO-20021,600,8,0,f606ea4c-3274-4db6-9c95-52304761b41d,
MLD-CO-20022,600,8,0,f606ea4c-3274-4db6-9c95-52304761b41d,
MLD-EX-20001,304,1,0,f606ea4c-3274-4db6-9c95-52304761b41d,
MLD-EX-20002,720,1,0,f606ea4c-3274-4db6-9c95-52304761b41d,
MLD-EX-20006,840,1,0,f606ea4c-3274-4db6-9c95-52304761b41d,
MLD-MD-11111,800,2,0,f606ea4c-3274-4db6-9c95-52304761b41d,
MLD-MD-20020,1200,8,0,f606ea4c-3274-4db6-9c95-52304761b41d,
MLD-MD-20020A,1200,8,0,f606ea4c-3274-4db6-9c95-52304761b41d,
MLD-MD-20021,4000,8,0,f606ea4c-3274-4db6-9c95-52304761b41d,
MLD-MD-20022,800,8,0,f606ea4c-3274-4db6-9c95-52304761b41d,
MLD-MD-20023,2000,8,0,f606ea4c-3274-4db6-9c95-52304761b41d,
MLD-MD-20023A,2000,8,0,f606ea4c-3274-4db6-9c95-52304761b41d,
MLD-MD-20031,4000,8,0,f606ea4c-3274-4db6-9c95-52304761b41d,
MLD-MD-20032,800,8,0,f606ea4c-3274-4db6-9c95-52304761b41d,
MLD-MD-20034,2000,8,0,f606ea4c-3274-4db6-9c95-52304761b41d,
MLD-MD-20035,1200,8,0,f606ea4c-3274-4db6-9c95-52304761b41d,
MLD-MD-20036,2000,8,0,f606ea4c-3274-4db6-9c95-52304761b41d,
MLD-MD-20037,4000,8,0,f606ea4c-3274-4db6-9c95-52304761b41d,
MLD-MD-20038,800,8,0,f606ea4c-3274-4db6-9c95-52304761b41d,
MLD-MD-20041,4000,8,0,f606ea4c-3274-4db6-9c95-52304761b41d,
MLD-MD-20042,800,8,0,f606ea4c-3274-4db6-9c95-52304761b41d,
MLD-MD-20043,800,8,0,f606ea4c-3274-4db6-9c95-52304761b41d,
MLD-MD-20045,1200,8,0,f606ea4c-3274-4db6-9c95-52304761b41d,
MLD-MD-20046,800,8,0,f606ea4c-3274-4db6-9c95-52304761b41d,
MLD-MD-20047,800,8,0,f606ea4c-3274-4db6-9c95-52304761b41d,
MLD-MD-20048,80,8,0,f606ea4c-3274-4db6-9c95-52304761b41d,
MLD-MD-20049,80,8,0,f606ea4c-3274-4db6-9c95-52304761b41d,
MLD-MD-20050,90,0,0,f606ea4c-3274-4db6-9c95-52304761b41d,
MLD-MD-20051,78,0,0,f606ea4c-3274-4db6-9c95-52304761b41d,
MLD-MD-20052,2000,8,0,f606ea4c-3274-4db6-9c95-52304761b41d,
MLD-MD-20053,2000,8,0,f606ea4c-3274-4db6-9c95-52304761b41d,
MLD-MD-20054,1200,8,0,f606ea4c-3274-4db6-9c95-52304761b41d,
MLD-MD-20055,1200,8,0,f606ea4c-3274-4db6-9c95-52304761b41d,
MLD-MD-20056,800,8,0,f606ea4c-3274-4db6-9c95-52304761b41d,
MLD-MD-20057,800,8,0,f606ea4c-3274-4db6-9c95-52304761b41d,
MLD-MD-20058,1200,8,0,f606ea4c-3274-4db6-9c95-52304761b41d,
MLD-MD-22222,1200,2,0,f606ea4c-3274-4db6-9c95-52304761b41d,
MLD-NDS-20001,1000,8,0,f606ea4c-3274-4db6-9c95-52304761b41d,
MLD-NDS-20002,1000,8,0,f606ea4c-3274-4db6-9c95-52304761b41d,
MLD-UR-20001,4000,8,0,f606ea4c-3274-4db6-9c95-52304761b41d,
NB02-100-K0,100,8,0,f606ea4c-3274-4db6-9c95-52304761b41d,
NB02-100-R0,100,8,0,f606ea4c-3274-4db6-9c95-52304761b41d,
NB02-100-W0,100,8,0,f606ea4c-3274-4db6-9c95-52304761b41d,
NB04-100-K0,100,8,0,f606ea4c-3274-4db6-9c95-52304761b41d,
NB04-100-U0,100,8,0,f606ea4c-3274-4db6-9c95-52304761b41d,
NC02-100-K0,50,1,0,f606ea4c-3274-4db6-9c95-52304761b41d,
NC02-100-R0,50,1,0,f606ea4c-3274-4db6-9c95-52304761b41d,
NC02-100-W0,100,1,0,f606ea4c-3274-4db6-9c95-52304761b41d,
NC04-100-K0,60,1,0,f606ea4c-3274-4db6-9c95-52304761b41d,
NC04-100-U0,60,1,0,f606ea4c-3274-4db6-9c95-52304761b41d,
NC07-101-K0,50,1,0,f606ea4c-3274-4db6-9c95-52304761b41d,
NC07-101-R0,60,1,0,f606ea4c-3274-4db6-9c95-52304761b41d,
NC07-101-W0,60,1,0,f606ea4c-3274-4db6-9c95-52304761b41d,
NC08-101-K0,60,1,0,f606ea4c-3274-4db6-9c95-52304761b41d,
NC09-101-K0,100,8,0,f606ea4c-3274-4db6-9c95-52304761b41d,
NH101,600,2,0,f606ea4c-3274-4db6-9c95-52304761b41d,
P001V-06G00,100,8,0,f606ea4c-3274-4db6-9c95-52304761b41d,
P002X-05Z00,100,a,0,f606ea4c-3274-4db6-9c95-52304761b41d,
P002X-05Z10,100,3,0,f606ea4c-3274-4db6-9c95-52304761b41d,
P002X-05Z20,135,a,0,f606ea4c-3274-4db6-9c95-52304761b41d,
P002X-15310,100,8,0,f606ea4c-3274-4db6-9c95-52304761b41d,
P002X-27500,50,1,0,f606ea4c-3274-4db6-9c95-52304761b41d,
P002X-31330,60,2,0,f606ea4c-3274-4db6-9c95-52304761b41d,
P002X-34220,80,2,0,f606ea4c-3274-4db6-9c95-52304761b41d,
P002X-36410,94,2,0,f606ea4c-3274-4db6-9c95-52304761b41d,
P002X-93000,100,a,0,f606ea4c-3274-4db6-9c95-52304761b41d,
P002X-93010,100,a,0,f606ea4c-3274-4db6-9c95-52304761b41d,
P002X-93020,100,a,0,f606ea4c-3274-4db6-9c95-52304761b41d,
P002X-93030,100,a,0,f606ea4c-3274-4db6-9c95-52304761b41d,
P003V-15340,100,1,0,f606ea4c-3274-4db6-9c95-52304761b41d,
P006T-02E00,30,1,0,f606ea4c-3274-4db6-9c95-52304761b41d,
P006T-02E10,30,1,0,f606ea4c-3274-4db6-9c95-52304761b41d,
P006T-02E20,30,1,0,f606ea4c-3274-4db6-9c95-52304761b41d,
P006T-02F00,24,1,0,f606ea4c-3274-4db6-9c95-52304761b41d,
P006T-06F00,24,1,0,f606ea4c-3274-4db6-9c95-52304761b41d,
P006T-06F10,24,1,0,f606ea4c-3274-4db6-9c95-52304761b41d,
P007A-09410,500,8,0,f606ea4c-3274-4db6-9c95-52304761b41d,
P007A-12410,600,8,0,f606ea4c-3274-4db6-9c95-52304761b41d,
P007B-12420,500,8,0,f606ea4c-3274-4db6-9c95-52304761b41d,
P007C-L71,2000,8,0,f606ea4c-3274-4db6-9c95-52304761b41d,
P007C-L72,2000,8,0,f606ea4c-3274-4db6-9c95-52304761b41d,
P007C-ZBA93,600,8,0,f606ea4c-3274-4db6-9c95-52304761b41d,
P008A-15340,100,8,0,f606ea4c-3274-4db6-9c95-52304761b41d,
P008A-15370,300,2,0,f606ea4c-3274-4db6-9c95-52304761b41d,
P008A-18820,100,8,0,f606ea4c-3274-4db6-9c95-52304761b41d,
P008A-22010,500,2,0,f606ea4c-3274-4db6-9c95-52304761b41d,
P008A-24800,600,2,0,f606ea4c-3274-4db6-9c95-52304761b41d,
P008A-37300,200,8,0,f606ea4c-3274-4db6-9c95-52304761b41d,
P008A-39100,600,2,0,f606ea4c-3274-4db6-9c95-52304761b41d,
P0120-82200,100,e,0,f606ea4c-3274-4db6-9c95-52304761b41d,
P0120-82210,100,e,0,f606ea4c-3274-4db6-9c95-52304761b41d,
P0128-39020,500,2,0,f606ea4c-3274-4db6-9c95-52304761b41d,
P0166-82200,320,2,0,f606ea4c-3274-4db6-9c95-52304761b41d,
P0166-93000,100,b,0,f606ea4c-3274-4db6-9c95-52304761b41d,
P0166-93010,100,b,0,f606ea4c-3274-4db6-9c95-52304761b41d,
P0166-93020,100,b,0,f606ea4c-3274-4db6-9c95-52304761b41d,
P0166-93100,100,e,0,f606ea4c-3274-4db6-9c95-52304761b41d,
P0166-93110,100,e,0,f606ea4c-3274-4db6-9c95-52304761b41d,
P0166-93120,100,e,0,f606ea4c-3274-4db6-9c95-52304761b41d,
P0166-93130,100,e,0,f606ea4c-3274-4db6-9c95-52304761b41d,
P016K-BS77,300,2,0,f606ea4c-3274-4db6-9c95-52304761b41d,
P016K-FT1,4000,8,0,f606ea4c-3274-4db6-9c95-52304761b41d,
P0170-67300,1000,8,0,f606ea4c-3274-4db6-9c95-52304761b41d,
P0170-96500,500,0,0,f606ea4c-3274-4db6-9c95-52304761b41d,
P0171-06F00,100,8,0,f606ea4c-3274-4db6-9c95-52304761b41d,
P0171-06G00,100,8,0,f606ea4c-3274-4db6-9c95-52304761b41d,
P0174-06G00,200,0,0,f606ea4c-3274-4db6-9c95-52304761b41d,
P0179-31300,500,2,0,f606ea4c-3274-4db6-9c95-52304761b41d,
P0192-63020,200,c,0,f606ea4c-3274-4db6-9c95-52304761b41d,
P0192-63030,200,c,0,f606ea4c-3274-4db6-9c95-52304761b41d,
P0192-63040,200,c,0,f606ea4c-3274-4db6-9c95-52304761b41d,
P0192-63050,200,c,0,f606ea4c-3274-4db6-9c95-52304761b41d,
P0192-82200,280,8,0,f606ea4c-3274-4db6-9c95-52304761b41d,
P0192-82210,280,8,0,f606ea4c-3274-4db6-9c95-52304761b41d,
P0202-82220,240,8,0,f606ea4c-3274-4db6-9c95-52304761b41d,
P0215-05Z00,100,3,0,f606ea4c-3274-4db6-9c95-52304761b41d,
P0215-05Z10,1,0,0,f606ea4c-3274-4db6-9c95-52304761b41d,
P0219-39040,1000,8,0,f606ea4c-3274-4db6-9c95-52304761b41d,
P0219-39110,500,2,0,f606ea4c-3274-4db6-9c95-52304761b41d,
P021B-02E00,52,0,0,f606ea4c-3274-4db6-9c95-52304761b41d,
P021B-02E10,52,0,0,f606ea4c-3274-4db6-9c95-52304761b41d,
P021B-02E20,52,0,0,f606ea4c-3274-4db6-9c95-52304761b41d,
P021B-82400,100,b,0,f606ea4c-3274-4db6-9c95-52304761b41d,
P0226-18520,300,8,0,f606ea4c-3274-4db6-9c95-52304761b41d,
P0242-07250S,1000,2,0,f606ea4c-3274-4db6-9c95-52304761b41d,
P0242-12700,500,2,0,f606ea4c-3274-4db6-9c95-52304761b41d,
P0242-67300,500,8,0,f606ea4c-3274-4db6-9c95-52304761b41d,
P024N-31350,100,1,0,f606ea4c-3274-4db6-9c95-52304761b41d,
P024N-34220,100,8,0,f606ea4c-3274-4db6-9c95-52304761b41d,
P0265-09420,500,8,0,f606ea4c-3274-4db6-9c95-52304761b41d,
P0300-93000,500,0,0,f606ea4c-3274-4db6-9c95-52304761b41d,
P0335-36420,360,2,0,f606ea4c-3274-4db6-9c95-52304761b41d,
P0335-PC450K,960,2,0,f606ea4c-3274-4db6-9c95-52304761b41d,
P0343-PC450K,1000,2,0,f606ea4c-3274-4db6-9c95-52304761b41d,
P0351-39000,1000,2,0,f606ea4c-3274-4db6-9c95-52304761b41d,
P0511-24800,1000,8,0,f606ea4c-3274-4db6-9c95-52304761b41d,
P0511-27500,800,8,0,f606ea4c-3274-4db6-9c95-52304761b41d,
P0545-83900,600,8,0,f606ea4c-3274-4db6-9c95-52304761b41d,
P0615-93000,1000,8,0,f606ea4c-3274-4db6-9c95-52304761b41d,
P0621-34210,600,1,0,f606ea4c-3274-4db6-9c95-52304761b41d,
P0621-34300,300,8,0,f606ea4c-3274-4db6-9c95-52304761b41d,
P0624-45900,200,4,0,f606ea4c-3274-4db6-9c95-52304761b41d,
P0719-04600,600,8,0,f606ea4c-3274-4db6-9c95-52304761b41d,
P0725-27500K,500,8,0,f606ea4c-3274-4db6-9c95-52304761b41d,
P0807-24810,250,8,0,f606ea4c-3274-4db6-9c95-52304761b41d,
P0852-72300,500,1,0,f606ea4c-3274-4db6-9c95-52304761b41d,
P0855-39100,200,8,0,f606ea4c-3274-4db6-9c95-52304761b41d,
P0872-72300,54,1,0,f606ea4c-3274-4db6-9c95-52304761b41d,
P0881-27500,100,1,0,f606ea4c-3274-4db6-9c95-52304761b41d,
P0890-31330,2000,2,0,f606ea4c-3274-4db6-9c95-52304761b41d,
P1126-62920,1600,8,0,f606ea4c-3274-4db6-9c95-52304761b41d,
P1126-62930,1600,8,0,f606ea4c-3274-4db6-9c95-52304761b41d,
P1126-93000,1600,8,0,f606ea4c-3274-4db6-9c95-52304761b41d,
P1126-93010,1600,8,0,f606ea4c-3274-4db6-9c95-52304761b41d,
P1127-62920,400,2,0,f606ea4c-3274-4db6-9c95-52304761b41d,
P1127-62930,400,2,0,f606ea4c-3274-4db6-9c95-52304761b41d,
P1127-93000,400,2,0,f606ea4c-3274-4db6-9c95-52304761b41d,
P1127-93100,300,d,0,f606ea4c-3274-4db6-9c95-52304761b41d,
P1141-27500,500,8,0,f606ea4c-3274-4db6-9c95-52304761b41d,
P1141-27510,500,8,0,f606ea4c-3274-4db6-9c95-52304761b41d,
P1141-34200,4000,2,0,f606ea4c-3274-4db6-9c95-52304761b41d,
P1171-02E00,150,1,0,f606ea4c-3274-4db6-9c95-52304761b41d,
P1171-02E10,150,0,0,f606ea4c-3274-4db6-9c95-52304761b41d,
P1189-02E00,60,1,0,f606ea4c-3274-4db6-9c95-52304761b41d,
P1189-02E10,52,0,0,f606ea4c-3274-4db6-9c95-52304761b41d,
P1189-02E20,52,0,0,f606ea4c-3274-4db6-9c95-52304761b41d,
P1189-02E30,52,0,0,f606ea4c-3274-4db6-9c95-52304761b41d,
P1189-02N00,100,1,0,f606ea4c-3274-4db6-9c95-52304761b41d,
P1189-02N10,100,1,0,f606ea4c-3274-4db6-9c95-52304761b41d,
P1189-22040,69,0,0,f606ea4c-3274-4db6-9c95-52304761b41d,
P1189-22050,69,1,0,f606ea4c-3274-4db6-9c95-52304761b41d,
P1189-31340,100,e,0,f606ea4c-3274-4db6-9c95-52304761b41d,
P1189-31350,100,e,0,f606ea4c-3274-4db6-9c95-52304761b41d,
P1189-55900,100,1,0,f606ea4c-3274-4db6-9c95-52304761b41d,
P1192-62900,1000,8,0,f606ea4c-3274-4db6-9c95-52304761b41d,
P1192-62910,1000,8,0,f606ea4c-3274-4db6-9c95-52304761b41d,
P1226-31320,80,1,0,f606ea4c-3274-4db6-9c95-52304761b41d,
P122A-31330,80,1,0,f606ea4c-3274-4db6-9c95-52304761b41d,
P1295-10M00,5000,1,0,f606ea4c-3274-4db6-9c95-52304761b41d,
P1295-82200,5000,1,0,f606ea4c-3274-4db6-9c95-52304761b41d,
P14J,1000,8,0,f606ea4c-3274-4db6-9c95-52304761b41d,
P160K-30130,100,1,0,f606ea4c-3274-4db6-9c95-52304761b41d,
P160K-39140,120,1,0,f606ea4c-3274-4db6-9c95-52304761b41d,
P160K-44900,150,1,0,f606ea4c-3274-4db6-9c95-52304761b41d,
P160K-BS77,400,2,0,f606ea4c-3274-4db6-9c95-52304761b41d,
P160K-BS85,800,1,0,f606ea4c-3274-4db6-9c95-52304761b41d,
P160K-CAA34,360,1,0,f606ea4c-3274-4db6-9c95-52304761b41d,
P160K-F5,1000,8,0,f606ea4c-3274-4db6-9c95-52304761b41d,
P160K-L78,4000,8,0,f606ea4c-3274-4db6-9c95-52304761b41d,
P1663-08920,1000,2,0,f606ea4c-3274-4db6-9c95-52304761b41d,
P1663-62900,400,8,0,f606ea4c-3274-4db6-9c95-52304761b41d,
P1663-62910,520,8,0,f606ea4c-3274-4db6-9c95-52304761b41d,
P1663-62920,400,8,0,f606ea4c-3274-4db6-9c95-52304761b41d,
P1663-62930,400,8,0,f606ea4c-3274-4db6-9c95-52304761b41d,
P1664-62900,500,8,0,f606ea4c-3274-4db6-9c95-52304761b41d,
P1664-62910,500,8,0,f606ea4c-3274-4db6-9c95-52304761b41d,
P1728-02E00,30,1,0,f606ea4c-3274-4db6-9c95-52304761b41d,
P1728-02E10,30,1,0,f606ea4c-3274-4db6-9c95-52304761b41d,
P1728-02E20,30,1,0,f606ea4c-3274-4db6-9c95-52304761b41d,
P1728-02F00,24,1,0,f606ea4c-3274-4db6-9c95-52304761b41d,
P1728-06F00,24,1,0,f606ea4c-3274-4db6-9c95-52304761b41d,
P1728-06F10,24,1,0,f606ea4c-3274-4db6-9c95-52304761b41d,
P1856-27510,500,0,0,f606ea4c-3274-4db6-9c95-52304761b41d,
P2106-44900,400,8,0,f606ea4c-3274-4db6-9c95-52304761b41d,
P2106-44910,400,8,0,f606ea4c-3274-4db6-9c95-52304761b41d,
P2106-49820,1000,1,0,f606ea4c-3274-4db6-9c95-52304761b41d,
P2106-49830,1000,1,0,f606ea4c-3274-4db6-9c95-52304761b41d,
P2107-49820,600,2,0,f606ea4c-3274-4db6-9c95-52304761b41d,
P2107-49830,600,2,0,f606ea4c-3274-4db6-9c95-52304761b41d,
P2125-02N00,56,1,0,f606ea4c-3274-4db6-9c95-52304761b41d,
P2125-02N10,56,1,0,f606ea4c-3274-4db6-9c95-52304761b41d,
P2125-10M00,120,1,0,f606ea4c-3274-4db6-9c95-52304761b41d,
P2131-93010,600,8,0,f606ea4c-3274-4db6-9c95-52304761b41d,
P2131-93020,600,8,0,f606ea4c-3274-4db6-9c95-52304761b41d,
P2132-93000,1200,8,0,f606ea4c-3274-4db6-9c95-52304761b41d,
P2132-93010,1600,8,0,f606ea4c-3274-4db6-9c95-52304761b41d,
P2133-93010,1600,8,0,f606ea4c-3274-4db6-9c95-52304761b41d,
P2133-93020,1600,8,0,f606ea4c-3274-4db6-9c95-52304761b41d,
P2137-01120,500,8,0,f606ea4c-3274-4db6-9c95-52304761b41d,
P2138-04600,500,8,0,f606ea4c-3274-4db6-9c95-52304761b41d,
P2140-42410,200,8,0,f606ea4c-3274-4db6-9c95-52304761b41d,
P2150-02E00,416,8,0,f606ea4c-3274-4db6-9c95-52304761b41d,
P2150-02E10,416,8,0,f606ea4c-3274-4db6-9c95-52304761b41d,
P2151-45940,500,1,0,f606ea4c-3274-4db6-9c95-52304761b41d,
P2166-02E00,90,1,0,f606ea4c-3274-4db6-9c95-52304761b41d,
P2166-02E10,120,1,0,f606ea4c-3274-4db6-9c95-52304761b41d,
P2166-02F00,60,1,0,f606ea4c-3274-4db6-9c95-52304761b41d,
P2166-02F10,60,1,0,f606ea4c-3274-4db6-9c95-52304761b41d,
P2166-39100,50,1,0,f606ea4c-3274-4db6-9c95-52304761b41d,
P2166-39110,50,1,0,f606ea4c-3274-4db6-9c95-52304761b41d,
P2166-67330,34,1,0,f606ea4c-3274-4db6-9c95-52304761b41d,
P2166-67340,34,1,0,f606ea4c-3274-4db6-9c95-52304761b41d,
P2166-67360,30,1,0,f606ea4c-3274-4db6-9c95-52304761b41d,
P2166-67370,30,1,0,f606ea4c-3274-4db6-9c95-52304761b41d,
P2166-67430,34,1,0,f606ea4c-3274-4db6-9c95-52304761b41d,
P2166-67440,34,1,0,f606ea4c-3274-4db6-9c95-52304761b41d,
P2166-67470,30,1,0,f606ea4c-3274-4db6-9c95-52304761b41d,
P2166-93010,108,1,0,f606ea4c-3274-4db6-9c95-52304761b41d,
P2166-93020,108,1,0,f606ea4c-3274-4db6-9c95-52304761b41d,
P2166-93100,72,1,0,f606ea4c-3274-4db6-9c95-52304761b41d,
P2166-93110,72,1,0,f606ea4c-3274-4db6-9c95-52304761b41d,
P2192-45910,200,8,0,f606ea4c-3274-4db6-9c95-52304761b41d,
P2192-47400,200,8,0,f606ea4c-3274-4db6-9c95-52304761b41d,
P219A-47400,210,1,0,f606ea4c-3274-4db6-9c95-52304761b41d,
P2297-45910K,300,8,0,f606ea4c-3274-4db6-9c95-52304761b41d,
P2297-46010S,300,8,0,f606ea4c-3274-4db6-9c95-52304761b41d,
P2364-31320,300,1,0,f606ea4c-3274-4db6-9c95-52304761b41d,
P2364-31330,300,1,0,f606ea4c-3274-4db6-9c95-52304761b41d,
P2412-342-P0,200,8,0,f606ea4c-3274-4db6-9c95-52304761b41d,
P2918-02C00,100,1,0,f606ea4c-3274-4db6-9c95-52304761b41d,
P2918-02C10,100,1,0,f606ea4c-3274-4db6-9c95-52304761b41d,
P2918-02C20,100,1,0,f606ea4c-3274-4db6-9c95-52304761b41d,
P2918-02C30,100,1,0,f606ea4c-3274-4db6-9c95-52304761b41d,
P2918-02C40,100,e,0,f606ea4c-3274-4db6-9c95-52304761b41d,
P2918-39020,100,1,0,f606ea4c-3274-4db6-9c95-52304761b41d,
P2918-82200,144,1,0,f606ea4c-3274-4db6-9c95-52304761b41d,
P2918-96500,100,1,0,f606ea4c-3274-4db6-9c95-52304761b41d,
P2918-96510,90,1,0,f606ea4c-3274-4db6-9c95-52304761b41d,
P2918-96520,90,1,0,f606ea4c-3274-4db6-9c95-52304761b41d,
P2922-02C00,580,2,0,f606ea4c-3274-4db6-9c95-52304761b41d,
P2922-82200,800,1,0,f606ea4c-3274-4db6-9c95-52304761b41d,
P3471-06F00,1000,8,0,f606ea4c-3274-4db6-9c95-52304761b41d,
P6,1000,8,0,f606ea4c-3274-4db6-9c95-52304761b41d,
P9070-44920,300,8,0,f606ea4c-3274-4db6-9c95-52304761b41d,
RC00-503-HH,336,8,0,f606ea4c-3274-4db6-9c95-52304761b41d,
RC00-503-HH-9-A,336,8,0,f606ea4c-3274-4db6-9c95-52304761b41d,
RC01-422,1,0,0,f606ea4c-3274-4db6-9c95-52304761b41d,
RC41-J67,1200,0,0,f606ea4c-3274-4db6-9c95-52304761b41d,
RC41-J67-2,200,0,0,f606ea4c-3274-4db6-9c95-52304761b41d,
RC41-M19,900,0,0,f606ea4c-3274-4db6-9c95-52304761b41d,
RD08-J67,1000,0,0,f606ea4c-3274-4db6-9c95-52304761b41d,
RE03-4222HH,2000,8,0,f606ea4c-3274-4db6-9c95-52304761b41d,
RE03-4222K3,2000,8,0,f606ea4c-3274-4db6-9c95-52304761b41d,
RE03-4223HH,2000,8,0,f606ea4c-3274-4db6-9c95-52304761b41d,
RE03-4223K3,2000,8,0,f606ea4c-3274-4db6-9c95-52304761b41d,
RE03-463-X3,2000,8,0,f606ea4c-3274-4db6-9c95-52304761b41d,
RE03-4631HH,1000,8,0,f606ea4c-3274-4db6-9c95-52304761b41d,
RE03-4631X3,2000,8,0,f606ea4c-3274-4db6-9c95-52304761b41d,
RE03-5714HH,2000,8,0,f606ea4c-3274-4db6-9c95-52304761b41d,
RE03-5717HH,2000,8,0,f606ea4c-3274-4db6-9c95-52304761b41d,
RE03-6301HH,2000,8,0,f606ea4c-3274-4db6-9c95-52304761b41d,
RE03-6301K3,2000,8,0,f606ea4c-3274-4db6-9c95-52304761b41d,
RE03-6302HH,2000,8,0,f606ea4c-3274-4db6-9c95-52304761b41d,
RE03-6302K3,2000,8,0,f606ea4c-3274-4db6-9c95-52304761b41d,
RE03-7111HH,2000,8,0,f606ea4c-3274-4db6-9c95-52304761b41d,
RE03-7112HH,2000,8,0,f606ea4c-3274-4db6-9c95-52304761b41d,
RE03-7112K3,2000,8,0,f606ea4c-3274-4db6-9c95-52304761b41d,
RE03-7372HH,2000,8,0,f606ea4c-3274-4db6-9c95-52304761b41d,
RE03-7933X3,2000,8,0,f606ea4c-3274-4db6-9c95-52304761b41d,
RE03-B471HH,2000,8,0,f606ea4c-3274-4db6-9c95-52304761b41d,
RE03-B471K3,2000,8,0,f606ea4c-3274-4db6-9c95-52304761b41d,
RF46-K59,280,0,0,f606ea4c-3274-4db6-9c95-52304761b41d,
RF51-7961HH,2000,8,0,f606ea4c-3274-4db6-9c95-52304761b41d,
RF51-7962HH,2000,8,0,f606ea4c-3274-4db6-9c95-52304761b41d,
RF51-A45-HH,2000,8,0,f606ea4c-3274-4db6-9c95-52304761b41d,
RF51-A451HH,2000,8,0,f606ea4c-3274-4db6-9c95-52304761b41d,
RF51-A451K3,2000,8,0,f606ea4c-3274-4db6-9c95-52304761b41d,
RF51-B47-HH,2000,8,0,f606ea4c-3274-4db6-9c95-52304761b41d,
RF51-B471HH,2000,8,0,f606ea4c-3274-4db6-9c95-52304761b41d,
RF51-B471K3,2000,8,0,f606ea4c-3274-4db6-9c95-52304761b41d,
RF52-7961HH,2000,8,0,f606ea4c-3274-4db6-9c95-52304761b41d,
RF52-7961K3,2000,8,0,f606ea4c-3274-4db6-9c95-52304761b41d,
RF52-7962HH,2000,8,0,f606ea4c-3274-4db6-9c95-52304761b41d,
RF52-7962K3,2000,8,0,f606ea4c-3274-4db6-9c95-52304761b41d,
RF52-A45-HH,2000,8,0,f606ea4c-3274-4db6-9c95-52304761b41d,
RF52-A451HH,2000,8,0,f606ea4c-3274-4db6-9c95-52304761b41d,
RF52-A451K3,2000,8,0,f606ea4c-3274-4db6-9c95-52304761b41d,
RF52-B47-HH,2000,8,0,f606ea4c-3274-4db6-9c95-52304761b41d,
RF52-B471HH,2000,8,0,f606ea4c-3274-4db6-9c95-52304761b41d,
RF53-B471HH,2000,8,0,f606ea4c-3274-4db6-9c95-52304761b41d,
RS72-J67,1000,0,0,f606ea4c-3274-4db6-9c95-52304761b41d,
RS72-J67-2,200,0,0,f606ea4c-3274-4db6-9c95-52304761b41d,
RS72-M19,200,0,0,f606ea4c-3274-4db6-9c95-52304761b41d,
RS94-J67,1000,0,0,f606ea4c-3274-4db6-9c95-52304761b41d,
RS94-J67-2,200,0,0,f606ea4c-3274-4db6-9c95-52304761b41d,
RS94-M19,200,0,0,f606ea4c-3274-4db6-9c95-52304761b41d,
SPR-NDS-20001,2000,8,0,f606ea4c-3274-4db6-9c95-52304761b41d,
T201117,9999,0,0,f606ea4c-3274-4db6-9c95-52304761b41d,
T201117-01,300,8,0,f606ea4c-3274-4db6-9c95-52304761b41d,
T29037,500,2,0,f606ea4c-3274-4db6-9c95-52304761b41d,
T291054,9999,0,0,f606ea4c-3274-4db6-9c95-52304761b41d,
T85187,500,8,0,f606ea4c-3274-4db6-9c95-52304761b41d,
UPC-510,160,0,0,f606ea4c-3274-4db6-9c95-52304761b41d,
UPC-510-SPOOLS,160,2,0,f606ea4c-3274-4db6-9c95-52304761b41d,
UPC-510-SPOOLT,160,2,0,f606ea4c-3274-4db6-9c95-52304761b41d,
W002,200,8,0,f606ea4c-3274-4db6-9c95-52304761b41d,
W003P-6YZ00,400,8,0,f606ea4c-3274-4db6-9c95-52304761b41d,
W003P-7PJ00,400,8,0,f606ea4c-3274-4db6-9c95-52304761b41d,
W003P-7PL00,400,8,0,f606ea4c-3274-4db6-9c95-52304761b41d,
W003P-9CW00,400,8,0,f606ea4c-3274-4db6-9c95-52304761b41d,
W003P-9CW00T,400,8,0,f606ea4c-3274-4db6-9c95-52304761b41d,
W003P-9SG00,300,8,0,f606ea4c-3274-4db6-9c95-52304761b41d,
W005B-7PJ00,150,2,0,f606ea4c-3274-4db6-9c95-52304761b41d,
W006S-6YZ00,500,8,0,f606ea4c-3274-4db6-9c95-52304761b41d,
W0110-6YZ00H,480,1,0,f606ea4c-3274-4db6-9c95-52304761b41d,
W0110-6YZ00L,480,1,0,f606ea4c-3274-4db6-9c95-52304761b41d,
W0110-8RT00K,450,1,0,f606ea4c-3274-4db6-9c95-52304761b41d,
W0110-8RT00L,450,1,0,f606ea4c-3274-4db6-9c95-52304761b41d,
W0110-8RT00M,450,1,0,f606ea4c-3274-4db6-9c95-52304761b41d,
W0193-7LY00,1000,0,0,f606ea4c-3274-4db6-9c95-52304761b41d,
W0339-7PJ10,500,0,0,f606ea4c-3274-4db6-9c95-52304761b41d,
W0339-7PL10,100,0,0,f606ea4c-3274-4db6-9c95-52304761b41d,
W0339-7TE00,300,8,0,f606ea4c-3274-4db6-9c95-52304761b41d,
W0339-9CW00,800,8,0,f606ea4c-3274-4db6-9c95-52304761b41d,
W0339-9CW00T,400,8,0,f606ea4c-3274-4db6-9c95-52304761b41d,
W0339-9SG00,400,8,0,f606ea4c-3274-4db6-9c95-52304761b41d,
W0341-7PJ00,800,2,0,f606ea4c-3274-4db6-9c95-52304761b41d,
W0341-7PJ00T,800,2,0,f606ea4c-3274-4db6-9c95-52304761b41d,
W0341-7PL00,800,2,0,f606ea4c-3274-4db6-9c95-52304761b41d,
W0439-6CB00,144,2,0,f606ea4c-3274-4db6-9c95-52304761b41d,
W0514-7EP00J,2000,8,0,f606ea4c-3274-4db6-9c95-52304761b41d,
W0514-7EP00K,2000,8,0,f606ea4c-3274-4db6-9c95-52304761b41d,
W0514-7PJ00K,1000,2,0,f606ea4c-3274-4db6-9c95-52304761b41d,
W0514-7PJ00L,1000,2,0,f606ea4c-3274-4db6-9c95-52304761b41d,
W0545-8RT00,180,8,0,f606ea4c-3274-4db6-9c95-52304761b41d,
W0602-92000,960,8,0,f606ea4c-3274-4db6-9c95-52304761b41d,
W0602-BN7,2000,8,0,f606ea4c-3274-4db6-9c95-52304761b41d,
W0602-BTA92D1,480,2,0,f606ea4c-3274-4db6-9c95-52304761b41d,
W0602-BTA92D2,960,8,0,f606ea4c-3274-4db6-9c95-52304761b41d,
W0602-BTA92U2,480,2,0,f606ea4c-3274-4db6-9c95-52304761b41d,
W0602-BTA92X2,480,2,0,f606ea4c-3274-4db6-9c95-52304761b41d,
W0602-BTA92Z1,480,2,0,f606ea4c-3274-4db6-9c95-52304761b41d,
W0602-BTA94K2,260,2,0,f606ea4c-3274-4db6-9c95-52304761b41d,
W0602-F89,640,2,0,f606ea4c-3274-4db6-9c95-52304761b41d,
W0602-KT19,1000,8,0,f606ea4c-3274-4db6-9c95-52304761b41d,
W0602-TM99,480,2,0,f606ea4c-3274-4db6-9c95-52304761b41d,
W0602-ZBA88,1000,8,0,f606ea4c-3274-4db6-9c95-52304761b41d,
W0860-7JH00,250,2,0,f606ea4c-3274-4db6-9c95-52304761b41d,
W0860-7LY00,250,2,0,f606ea4c-3274-4db6-9c95-52304761b41d,
W0860-7LY00C,500,0,0,f606ea4c-3274-4db6-9c95-52304761b41d,
W0862-7EP00,147,0,0,f606ea4c-3274-4db6-9c95-52304761b41d,
W0877-8DZ00,440,2,0,f606ea4c-3274-4db6-9c95-52304761b41d,
W0878-8DZ00,440,2,0,f606ea4c-3274-4db6-9c95-52304761b41d,
W1188-6YZ00,300,1,0,f606ea4c-3274-4db6-9c95-52304761b41d,
W1299-80220,500,8,0,f606ea4c-3274-4db6-9c95-52304761b41d,
W1307-6MJ00,480,0,0,f606ea4c-3274-4db6-9c95-52304761b41d,
W1308-6MJ20,480,0,0,f606ea4c-3274-4db6-9c95-52304761b41d,
W1803-60000,144,2,0,f606ea4c-3274-4db6-9c95-52304761b41d,
W1803-6CB20,144,2,0,f606ea4c-3274-4db6-9c95-52304761b41d,
W190A-5VP10,90,8,0,f606ea4c-3274-4db6-9c95-52304761b41d,
W2106-5VP00,100,8,0,f606ea4c-3274-4db6-9c95-52304761b41d,
W2131-6NA20,1200,8,0,f606ea4c-3274-4db6-9c95-52304761b41d,
W2131-6SB00,1000,8,0,f606ea4c-3274-4db6-9c95-52304761b41d,
W2131-7PJ10,1200,8,0,f606ea4c-3274-4db6-9c95-52304761b41d,
W2131-7PJ20,1200,8,0,f606ea4c-3274-4db6-9c95-52304761b41d,
W2131-7PK10,1200,8,0,f606ea4c-3274-4db6-9c95-52304761b41d,
W2131-7PK20,1200,8,0,f606ea4c-3274-4db6-9c95-52304761b41d,
W2131-8RT00,800,8,0,f606ea4c-3274-4db6-9c95-52304761b41d,
W2131-8RT10,800,8,0,f606ea4c-3274-4db6-9c95-52304761b41d,
W2131-8RT20,800,8,0,f606ea4c-3274-4db6-9c95-52304761b41d,
W2131-8RU00,800,8,0,f606ea4c-3274-4db6-9c95-52304761b41d,
W2131-8RU10,800,8,0,f606ea4c-3274-4db6-9c95-52304761b41d,
W2131-8RU20,800,8,0,f606ea4c-3274-4db6-9c95-52304761b41d,
W2131-9SG00,1200,8,0,f606ea4c-3274-4db6-9c95-52304761b41d,
W2131-9SG10,1200,2,0,f606ea4c-3274-4db6-9c95-52304761b41d,
W2426-7EN00,360,8,0,f606ea4c-3274-4db6-9c95-52304761b41d,
W2426-7JH10,250,2,0,f606ea4c-3274-4db6-9c95-52304761b41d,
W2426-7LZ00,250,2,0,f606ea4c-3274-4db6-9c95-52304761b41d,
W2427-7EM00,280,2,0,f606ea4c-3274-4db6-9c95-52304761b41d,
W3440-8RT00,1000,8,0,f606ea4c-3274-4db6-9c95-52304761b41d,
W4526-7AU00,360,8,0,f606ea4c-3274-4db6-9c95-52304761b41d,
