1,2,3,4,5,6,7,8,9,10,11
2020/1/8,29-111521,MLD-MD-20035,70,2,2020/2/24,17286,1,1,2020/1/9 16:57,2020/1/22 19:20
2020/1/8,29-111521,MLD-MD-20036,80,2,2020/2/24,8643,1,1,2020/1/9 16:59,2020/1/22 19:20
2020/1/8,29-111521,BON-MD-20023,60,2,2020/2/24,18060,1,1,2020/1/9 16:47,2020/1/22 19:19
2020/6/4,97-297544,MLD-EX-20002,210,0,2020/6/29,136,1,0,2020/6/5 10:12,
2019/12/3,29-111063,BON-MD-20023,60,3,2020/1/29,10080,0,0,2020/1/9 15:54,2020/1/21 15:20
2019/12/3,29-111063,BON-MD-20023,60,4,2020/1/31,12000,1,0,2020/1/9 15:54,2020/1/21 15:20
2019/12/3,29-111066,BON-MD-20023,60,3,2020/2/5,7200,0,0,2020/1/21 15:22,2020/1/24 11:41
2019/12/3,29-111066,BON-MD-20023,60,4,2020/2/5,7200,0,0,2020/1/21 15:22,2020/2/4 13:02
2019/12/3,29-111066,BON-MD-20023,60,5,2020/2/10,7200,0,0,2020/1/24 11:41,2020/2/4 13:02
2019/12/3,29-111066,MLD-MD-20035,70,3,2020/1/29,4800,1,0,2020/1/24 11:40,
2019/12/3,29-111137,BON-MD-20023,60,2,2020/1/31,10872,1,0,2020/1/28 10:54,2020/1/28 13:02
2020/1/6,29-522430,BON-EX-20018,45,0,2020/1/7,150,1,0,2020/1/9 18:20,
2020/1/8,29-111060,MLD-EX-20002,250,1,2020/1/24,11960,0,0,2020/1/8 19:12,2020/1/9 16:54
2020/1/8,29-111060,MLD-EX-20002,250,2,2020/1/27,11960,0,0,2020/1/9 16:54,
2020/1/8,29-111060,MLD-EX-20002,250,3,2020/1/29,11960,1,0,2020/1/9 16:54,
2020/1/8,29-111244,MLD-EX-20002,220,0,2020/1/24,12288,1,0,2020/1/8 19:12,
2020/1/8,29-111251,MLD-EX-20002,220,0,2020/2/3,3200,1,0,2020/1/8 19:12,
2020/1/8,29-111252,MLD-EX-20002,220,0,2020/1/24,7680,1,0,2020/1/8 19:12,
2020/1/8,29-111281,MLD-EX-20002,220,0,2020/1/22,8192,1,0,2020/1/8 19:12,
2020/1/8,29-111284,MLD-EX-20002,220,0,2020/2/5,512,1,0,2020/1/8 19:12,
2020/1/8,29-111285,MLD-EX-20002,220,0,2020/2/5,1536,1,0,2020/1/8 19:12,
2020/1/8,29-111288,MLD-EX-20002,220,0,2020/2/5,1536,1,0,2020/1/8 19:12,
2020/1/8,29-111292,MLD-EX-20002,220,0,2020/2/5,1024,1,0,2020/1/8 19:12,
2020/1/8,29-111303,MLD-EX-20002,270,0,2020/2/5,2560,1,0,2020/1/8 19:12,
2020/1/8,29-111384,MLD-EX-20002,220,0,2020/2/5,1024,1,0,2020/1/8 19:12,
2020/1/8,29-111395,MLD-EX-20002,220,0,2020/2/5,512,1,0,2020/1/8 19:12,
2020/1/8,29-111451,BON-MD-20023,60,0,2020/1/31,106,1,0,2020/1/8 19:12,
2020/1/8,29-111451,MLD-MD-20035,70,0,2020/1/31,101,1,0,2020/1/8 19:12,
2020/1/8,29-111451,MLD-MD-20036,80,0,2020/1/31,49,1,0,2020/1/8 19:12,
2020/1/8,29-111454,MLD-EX-20002,200,0,2020/2/3,24960,1,0,2020/1/8 19:12,2020/1/29 19:13
2020/1/8,29-111457,MLD-EX-20002,200,0,2020/2/10,49920,1,0,2020/1/8 19:12,
2020/1/8,29-111458,MLD-EX-20002,200,0,2020/2/26,49920,1,0,2020/1/8 19:12,
2020/1/8,29-111468,MLD-EX-20002,220,0,2020/2/5,2560,1,0,2020/1/8 19:12,
2020/1/8,29-111510,BON-MD-20023,60,0,2020/1/31,4839,1,0,2020/1/8 19:12,
2020/1/8,29-111510,MLD-MD-20035,70,0,2020/1/31,4632,1,0,2020/1/8 19:12,
2020/1/8,29-111510,MLD-MD-20036,80,0,2020/1/31,2339,1,0,2020/1/8 19:12,
2020/1/8,29-111517,BON-MD-20023,60,1,2020/2/14,15960,0,0,2020/1/8 19:12,2020/1/9 16:46
2020/1/8,29-111517,BON-MD-20023,60,2,2020/2/17,15960,0,0,2020/1/9 16:46,
2020/1/8,29-111517,BON-MD-20023,60,3,2020/2/19,15960,1,0,2020/1/9 16:46,
2020/1/8,29-111517,MLD-MD-20035,70,1,2020/2/14,15276,0,0,2020/1/8 19:12,2020/1/9 16:57
2020/1/8,29-111517,MLD-MD-20035,70,2,2020/2/17,15276,0,0,2020/1/9 16:57,
2020/1/8,29-111517,MLD-MD-20035,70,3,2020/2/19,15276,1,0,2020/1/9 16:57,
2020/1/8,29-111517,MLD-MD-20036,80,1,2020/2/14,7638,0,0,2020/1/8 19:12,2020/1/9 16:59
2020/1/8,29-111517,MLD-MD-20036,80,2,2020/2/17,7638,0,0,2020/1/9 16:59,
2020/1/8,29-111517,MLD-MD-20036,80,3,2020/2/19,7638,1,0,2020/1/9 16:59,
2020/1/8,29-111521,BON-MD-20023,60,1,2020/2/21,36120,1,0,2020/1/8 19:12,2020/1/22 19:19
2020/1/8,29-111521,MLD-MD-20035,70,1,2020/2/21,34572,1,0,2020/1/8 19:12,2020/1/22 19:20
2020/1/8,29-111521,MLD-MD-20036,80,1,2020/2/21,17286,1,0,2020/1/8 19:12,2020/1/22 19:20
2020/1/8,29-111527,BON-MD-20023,60,0,2020/2/12,18480,1,0,2020/1/8 19:12,
2020/1/8,29-111527,MLD-MD-20035,70,0,2020/2/12,17688,1,0,2020/1/8 19:12,
2020/1/8,29-111527,MLD-MD-20036,80,0,2020/2/12,8844,1,0,2020/1/8 19:12,
2020/1/8,29-111528,BON-MD-20023,60,0,2020/1/31,2100,1,0,2020/1/8 19:12,
2020/1/8,29-111528,MLD-MD-20035,70,0,2020/1/31,2010,1,0,2020/1/8 19:12,
2020/1/8,29-111528,MLD-MD-20036,80,0,2020/1/31,1005,1,0,2020/1/8 19:12,
2020/1/8,29-111532,MLD-MD-20034,100,0,2020/1/27,505,1,0,2020/1/8 19:12,
2020/1/8,29-111535,MLD-MD-20034,100,0,2020/1/27,566,1,0,2020/1/8 19:12,
2020/1/8,29-522385,BON-DFL-20008,60,0,2020/1/29,347,1,0,2020/1/8 19:12,
2020/1/8,29-522385,BON-DFL-20009,70,0,2020/1/29,347,1,0,2020/1/8 19:12,
2020/1/8,29-522437,MLD-EX-20002,250,0,2020/2/3,10080,1,0,2020/1/8 19:12,
2020/1/8,29-522448,MLD-EX-20002,230,0,2020/2/5,960,1,0,2020/1/8 19:12,
2020/1/8,29-522452,MLD-EX-20002,210,0,2020/2/5,960,1,0,2020/1/8 19:12,
2020/1/8,29-522471,BON-DFL-20008,60,0,2020/1/29,5192,1,0,2020/1/8 19:12,
2020/1/8,29-522471,BON-DFL-20009,70,0,2020/1/29,5192,1,0,2020/1/8 19:12,
2020/1/8,29-522477,BON-DFL-20008,60,0,2020/1/27,890,1,0,2020/1/8 19:12,
2020/1/8,29-522477,BON-DFL-20009,70,0,2020/1/27,890,1,0,2020/1/8 19:12,
2020/1/8,29-522482,BON-DFL-20008,60,0,2020/1/29,347,1,0,2020/1/8 19:12,
2020/1/8,29-522482,BON-DFL-20009,70,0,2020/1/29,347,1,0,2020/1/8 19:12,
2020/1/8,29-522485,BON-DFL-20008,60,0,2020/1/29,347,1,0,2020/1/8 19:12,
2020/1/8,29-522485,BON-DFL-20009,70,0,2020/1/29,347,1,0,2020/1/8 19:12,
2020/1/8,29-522488,BON-DFL-20008,60,0,2020/1/29,347,1,0,2020/1/8 19:12,
2020/1/8,29-522488,BON-DFL-20009,70,0,2020/1/29,347,1,0,2020/1/8 19:12,
2020/1/8,29-522489,BON-DFL-20008,60,0,2020/1/29,347,1,0,2020/1/8 19:12,
2020/1/8,29-522489,BON-DFL-20009,70,0,2020/1/29,347,1,0,2020/1/8 19:12,
2020/1/8,29-522490,BON-DFL-20008,60,0,2020/1/29,347,1,0,2020/1/8 19:12,
2020/1/8,29-522490,BON-DFL-20009,70,0,2020/1/29,347,1,0,2020/1/8 19:12,
2020/1/8,29-522493,BON-DFL-20008,60,0,2020/1/29,347,1,0,2020/1/8 19:12,
2020/1/8,29-522493,BON-DFL-20009,70,0,2020/1/29,347,1,0,2020/1/8 19:12,
2020/1/8,29-522496,BON-DFL-20008,60,0,2020/1/29,347,1,0,2020/1/8 19:12,
2020/1/8,29-522496,BON-DFL-20009,70,0,2020/1/29,347,1,0,2020/1/8 19:12,
2020/1/8,29-522507,BON-DFL-20008,60,0,2020/1/29,433,1,0,2020/1/8 19:12,
2020/1/8,29-522507,BON-DFL-20009,70,0,2020/1/29,433,1,0,2020/1/8 19:12,
2020/1/8,29-522515,BON-DFL-20008,60,0,2020/1/29,268,1,0,2020/1/8 19:12,
2020/1/8,29-522515,BON-DFL-20009,70,0,2020/1/29,268,1,0,2020/1/8 19:12,
2020/1/8,29-522518,BON-EX-20018,50,0,2020/1/27,1978,1,0,2020/1/8 19:12,
2020/1/8,29-522518,BON-MD-20026,70,0,2020/2/3,1959,1,0,2020/1/8 19:12,
2020/1/8,29-522518,CAS-MD-20021,130,0,2020/2/3,1949,1,0,2020/1/8 19:12,
2020/1/8,29-522518,CAS-MD-20022,140,0,2020/2/3,1949,1,0,2020/1/8 19:12,
2020/1/8,29-522518,MLD-MD-20049,230,0,2020/2/3,1949,1,0,2020/1/8 19:12,
2020/1/8,29-522518,MLD-MD-20057,80,0,2020/2/3,1949,1,0,2020/1/8 19:13,
2020/1/8,29-522518,MLD-MD-20059,220,1,2020/2/3,1371,0,0,2020/1/8 19:13,2020/1/31 11:33
2020/1/8,29-522518,MLD-MD-20059,220,2,2020/2/5,578,1,0,2020/1/31 11:33,
2020/1/8,29-522522,BON-EX-20018,50,0,2020/1/27,1978,1,0,2020/1/8 19:12,
2020/1/8,29-522522,BON-MD-20026,70,0,2020/2/3,1959,1,0,2020/1/8 19:12,
2020/1/8,29-522522,CAS-MD-20021,130,0,2020/2/3,1949,1,0,2020/1/8 19:12,
2020/1/8,29-522522,CAS-MD-20022,140,0,2020/2/3,1949,1,0,2020/1/8 19:12,
2020/1/8,29-522522,MLD-MD-20049,230,0,2020/2/3,1949,1,0,2020/1/8 19:12,
2020/1/8,29-522522,MLD-MD-20057,80,0,2020/2/3,1949,1,0,2020/1/8 19:13,
2020/1/8,29-522522,MLD-MD-20059,220,0,2020/2/5,1949,1,0,2020/1/8 19:13,2020/1/31 11:14
2020/1/8,29-522525,BON-EX-20018,50,0,2020/1/27,2176,1,0,2020/1/8 19:12,
2020/1/8,29-522525,BON-MD-20026,70,0,2020/1/29,2155,1,0,2020/1/8 19:12,
2020/1/8,29-522525,CAS-MD-20021,130,0,2020/1/29,2144,1,0,2020/1/8 19:12,
2020/1/8,29-522525,CAS-MD-20022,140,0,2020/1/29,2144,1,0,2020/1/8 19:12,
2020/1/8,29-522525,MLD-MD-20049,230,0,2020/1/29,2144,1,0,2020/1/8 19:12,
2020/1/8,29-522525,MLD-MD-20057,80,0,2020/1/29,2144,1,0,2020/1/8 19:13,
2020/1/8,29-522525,MLD-MD-20059,220,0,2020/1/29,2144,1,0,2020/1/8 19:13,
2020/1/8,29-522526,BON-EX-20018,50,0,2020/1/27,2176,1,0,2020/1/8 19:12,
2020/1/8,29-522526,BON-MD-20026,70,0,2020/1/29,2155,1,0,2020/1/8 19:12,
2020/1/8,29-522526,CAS-MD-20021,130,0,2020/1/29,2144,1,0,2020/1/8 19:12,
2020/1/8,29-522526,CAS-MD-20022,140,1,2020/1/29,1556,0,0,2020/1/8 19:12,2020/1/28 13:02
2020/1/8,29-522526,CAS-MD-20022,140,2,2020/1/31,588,1,0,2020/1/28 10:55,2020/1/28 13:02
2020/1/8,29-522526,MLD-MD-20049,230,0,2020/1/29,2144,1,0,2020/1/8 19:12,
2020/1/8,29-522526,MLD-MD-20057,80,0,2020/1/29,2144,1,0,2020/1/8 19:13,
2020/1/8,29-522526,MLD-MD-20059,220,0,2020/1/29,2144,1,0,2020/1/8 19:13,
2020/1/8,29-522526_2,BON-EX-20018,55,0,2020/1/27,200,0,0,2020/1/8 19:12,
2020/1/8,29-522541,BON-DFL-20008,60,0,2020/1/27,6230,1,0,2020/1/8 19:12,
2020/1/8,29-522541,BON-DFL-20009,70,0,2020/1/27,6169,1,0,2020/1/8 19:12,2020/1/9 16:37
2020/1/8,29-522541_2,BON-DFL-20009,75,0,2020/1/27,61,0,0,2020/1/8 19:12,
2020/1/8,29-522555,BON-DFL-20008,60,0,2020/1/27,412,1,0,2020/1/8 19:12,
2020/1/8,29-522555,BON-DFL-20009,70,0,2020/1/27,412,1,0,2020/1/8 19:12,
2020/1/8,29-522559,BON-DFL-20008,60,0,2020/1/27,1854,1,0,2020/1/8 19:12,
2020/1/8,29-522559,BON-DFL-20009,70,0,2020/1/27,1836,1,0,2020/1/8 19:12,
2020/1/8,29-522559_2,BON-DFL-20009,72,0,2020/1/27,18,0,0,2020/1/8 19:12,
2020/1/8,98-295371,BON-DFL-20008,60,0,2020/1/27,103,1,0,2020/1/8 19:12,
2020/1/8,98-295371,BON-DFL-20009,70,0,2020/1/27,103,1,0,2020/1/8 19:12,
2020/1/8,98-295372,BON-DFL-20008,60,0,2020/1/27,618,1,0,2020/1/8 19:12,
2020/1/8,98-295372,BON-DFL-20009,70,0,2020/1/27,618,1,0,2020/1/8 19:12,
2020/1/9,29-111451,MLD-MD-20031,110,0,2020/1/27,49,1,0,2020/1/9 17:08,
2020/1/9,29-111451,MLD-MD-20032,120,0,2020/1/27,49,1,0,2020/1/9 17:08,
2020/1/9,29-111510,MLD-MD-20031,110,0,2020/1/27,2339,1,0,2020/1/9 17:08,
2020/1/9,29-111510,MLD-MD-20032,120,0,2020/1/27,2339,1,0,2020/1/9 17:08,
2020/1/9,29-111517,MLD-MD-20031,110,1,2020/1/29,19142,0,0,2020/1/9 17:08,2020/1/30 9:25
2020/1/9,29-111517,MLD-MD-20031,110,2,2020/1/31,4000,1,0,2020/1/28 17:34,2020/1/30 9:25
2020/1/9,29-111517,MLD-MD-20032,120,1,2020/1/29,19142,0,0,2020/1/9 17:08,2020/1/30 9:25
2020/1/9,29-111517,MLD-MD-20032,120,2,2020/1/31,4000,1,0,2020/1/28 17:34,2020/1/30 9:25
2020/1/9,29-111521,MLD-MD-20031,110,0,2020/2/5,17458,1,0,2020/1/9 17:08,
2020/1/9,29-111521,MLD-MD-20032,120,0,2020/2/5,17458,1,0,2020/1/9 17:08,
2020/1/9,29-111527,MLD-MD-20031,110,0,2020/2/12,8932,1,0,2020/1/9 17:08,
2020/1/9,29-111527,MLD-MD-20032,120,0,2020/2/12,8932,1,0,2020/1/9 17:08,
2020/1/9,29-111528,MLD-MD-20031,110,0,2020/1/27,1015,1,0,2020/1/9 17:08,
2020/1/9,29-111528,MLD-MD-20032,120,0,2020/1/27,1015,1,0,2020/1/9 17:08,
2020/1/9,29-111580,MLD-MD-20031,110,0,2020/1/27,204,1,0,2020/1/9 17:08,
2020/1/9,29-111580,MLD-MD-20032,120,0,2020/1/27,204,1,0,2020/1/9 17:08,
2020/1/9,29-585338,MLD-MD-20031,100,0,2020/1/27,203,1,0,2020/1/9 17:08,
2020/1/9,29-585338,MLD-MD-20032,110,0,2020/1/27,203,1,0,2020/1/9 17:08,
2020/1/9,29-585338,MLD-MD-20052,70,0,2020/1/15,203,1,0,2020/1/9 18:18,
2020/1/15,90-295094,MLD-MD-20051,80,0,2020/2/5,325,1,0,2020/1/16 19:05,2020/1/29 19:13
2020/1/15,90-295094,MLD-MD-20060,70,0,2020/2/3,325,1,0,2020/1/16 19:05,
2020/1/15,90-295095,MLD-MD-20049,80,0,2020/2/3,380,1,0,2020/1/16 19:05,
2020/1/15,90-295095,MLD-MD-20059,70,0,2020/2/3,380,1,0,2020/1/16 19:05,
2020/1/15,90-295096,MLD-MD-20049,80,0,2020/2/3,1399,1,0,2020/1/16 19:05,
2020/1/15,90-295096,MLD-MD-20059,70,0,2020/2/3,1399,1,0,2020/1/16 19:05,
2020/1/20,29-111918,MLD-MD-20031,110,0,2020/2/14,6821,1,0,2020/1/22 16:55,
2020/1/20,29-111918,MLD-MD-20032,120,0,2020/2/14,6821,1,0,2020/1/22 16:55,
2020/1/20,29-522600,MLD-MD-20055,90,0,2020/2/5,1949,1,0,2020/1/22 16:54,
2020/1/20,29-522600,MLD-MD-20056,100,0,2020/2/5,1949,1,0,2020/1/22 16:54,
2020/1/20,29-522603,MLD-MD-20055,90,0,2020/2/3,1949,1,0,2020/1/22 16:54,
2020/1/20,29-522603,MLD-MD-20056,100,0,2020/2/3,1949,1,0,2020/1/22 16:54,
2020/1/21,29-111882,BON-MD-20015,80,0,2020/3/4,2447,1,0,2020/1/22 14:09,
2020/1/21,29-111882,CAS-MD-20009,100,0,2020/3/4,1252,1,0,2020/1/22 14:09,
2020/1/21,29-111882,CAS-MD-20015,110,0,2020/3/4,1252,1,0,2020/1/22 14:09,
2020/1/21,29-111883,BON-MD-20015,80,0,2020/3/4,574,1,0,2020/1/22 14:09,
2020/1/21,29-111883,CAS-MD-20009,100,0,2020/3/4,294,1,0,2020/1/22 14:09,
2020/1/21,29-111883,CAS-MD-20015,110,0,2020/3/4,294,1,0,2020/1/22 14:09,
2020/1/21,29-111886,MLD-MD-20034,100,0,2020/3/2,1132,1,0,2020/1/22 14:09,
2020/1/21,29-111918,BON-MD-20023,60,0,2020/2/26,14112,1,0,2020/1/22 14:09,
2020/1/21,29-111918,MLD-MD-20035,70,0,2020/2/26,13508,1,0,2020/1/22 14:09,
2020/1/21,29-111918,MLD-MD-20036,80,0,2020/2/26,6754,1,0,2020/1/22 14:09,
2020/1/21,29-522600,BON-EX-20018,50,0,2020/2/19,1978,1,0,2020/1/22 14:09,
2020/1/21,29-522600,BON-MD-20026,70,0,2020/2/19,1959,1,0,2020/1/22 14:09,
2020/1/21,29-522600,CAS-MD-20021,130,0,2020/2/19,1949,1,0,2020/1/22 14:09,
2020/1/21,29-522600,CAS-MD-20022,140,0,2020/2/19,1949,1,0,2020/1/22 14:09,
2020/1/21,29-522600,MLD-MD-20049,230,0,2020/2/19,1949,1,0,2020/1/22 14:09,
2020/1/21,29-522600,MLD-MD-20057,80,0,2020/2/19,1949,1,0,2020/1/22 14:09,
2020/1/21,29-522600,MLD-MD-20059,220,0,2020/2/19,1949,1,0,2020/1/22 14:09,
2020/1/21,29-522603,BON-EX-20018,50,0,2020/2/19,1978,1,0,2020/1/22 14:09,
2020/1/21,29-522603,BON-MD-20026,70,0,2020/2/19,1959,1,0,2020/1/22 14:09,
2020/1/21,29-522603,CAS-MD-20021,130,0,2020/2/19,1949,1,0,2020/1/22 14:09,
2020/1/21,29-522603,CAS-MD-20022,140,0,2020/2/19,1949,1,0,2020/1/22 14:09,
2020/1/21,29-522603,MLD-MD-20049,230,0,2020/2/19,1949,1,0,2020/1/22 14:09,
2020/1/21,29-522603,MLD-MD-20057,80,0,2020/2/19,1949,1,0,2020/1/22 14:09,
2020/1/21,29-522603,MLD-MD-20059,220,0,2020/2/19,1949,1,0,2020/1/22 14:09,
2020/1/21,29-522618,BON-DFL-20008,60,0,2020/2/17,5192,1,0,2020/1/22 14:09,
2020/1/21,29-522618,BON-DFL-20009,70,0,2020/2/17,5192,1,0,2020/1/22 14:09,
2020/2/5,29-111602,MLD-EX-20002,250,0,2020/2/21,7681,1,0,2020/2/6 9:49,
2020/2/5,29-111610,MLD-EX-20002,220,0,2020/2/19,512,1,0,2020/2/6 9:49,
2020/2/5,29-111616,MLD-EX-20002,220,0,2020/2/21,1536,1,0,2020/2/6 9:49,
2020/2/5,29-111619,MLD-EX-20002,230,0,2020/2/17,9600,1,0,2020/2/6 9:49,
2020/2/5,29-111620,MLD-EX-20002,220,0,2020/2/21,1600,1,0,2020/2/6 9:49,
2020/2/5,29-111621,MLD-EX-20002,220,0,2020/2/21,512,1,0,2020/2/6 9:49,
2020/2/5,29-111624,MLD-EX-20002,220,0,2020/2/21,1024,1,0,2020/2/6 9:49,
2020/2/5,29-111642,MLD-EX-20002,290,0,2020/2/19,1200,1,0,2020/2/6 9:49,
2020/2/5,29-111643,MLD-EX-20002,280,0,2020/2/19,1280,1,0,2020/2/6 9:49,
2020/2/5,29-111646,MLD-EX-20002,250,0,2020/2/19,1537,1,0,2020/2/6 9:49,
2020/2/5,29-111649,MLD-EX-20002,260,0,2020/2/19,3841,1,0,2020/2/6 9:49,
2020/2/5,29-111650,MLD-EX-20002,250,0,2020/2/19,321,1,0,2020/2/6 9:49,
2020/2/5,29-111653,MLD-EX-20002,250,0,2020/2/19,1537,1,0,2020/2/6 9:49,
2020/2/5,29-111654,MLD-EX-20002,250,0,2020/2/19,1600,1,0,2020/2/6 9:49,
2020/2/5,29-111698,MLD-EX-20002,250,0,2020/2/19,640,1,0,2020/2/6 9:49,
2020/2/5,29-111708,MLD-EX-20002,220,0,2020/2/26,512,1,0,2020/2/6 9:49,
2020/2/5,29-111794,MLD-EX-20001,220,0,2020/2/26,2240,1,0,2020/2/6 9:49,
2020/2/5,29-111797,MLD-EX-20002,220,0,2020/2/26,5120,1,0,2020/2/6 9:49,
2020/2/5,29-111801,MLD-EX-20002,220,0,2020/2/26,2048,1,0,2020/2/6 9:49,
2020/2/5,29-111804,MLD-EX-20002,220,0,2020/2/26,640,1,0,2020/2/6 9:49,
2020/2/5,29-111805,MLD-EX-20002,220,0,2020/3/18,12288,1,0,2020/2/6 9:49,
2020/2/5,29-111808,MLD-EX-20002,220,0,2020/2/26,6144,1,0,2020/2/6 9:49,
2020/2/5,29-111812,MLD-EX-20002,220,0,2020/2/28,1536,1,0,2020/2/6 9:49,
2020/2/5,29-111815,MLD-EX-20001,220,0,2020/2/21,4480,1,0,2020/2/6 9:49,
2020/2/5,29-111859,MLD-EX-20001,280,0,2020/3/4,8960,1,0,2020/2/6 9:49,
2020/2/5,29-111872,MLD-EX-20002,220,0,2020/2/28,1024,1,0,2020/2/6 9:49,
2020/2/5,29-111875,MLD-EX-20002,220,0,2020/2/28,1024,1,0,2020/2/6 9:49,
2020/2/5,29-111878,MLD-EX-20002,220,0,2020/2/28,2048,1,0,2020/2/6 9:49,
2020/2/5,29-111893,MLD-EX-20001,250,0,2020/3/11,4227,1,0,2020/2/6 9:49,
2020/2/5,29-111894,MLD-EX-20001,240,0,2020/3/11,4227,1,0,2020/2/6 9:49,
2020/2/5,29-111907,MLD-EX-20002,200,0,2020/3/23,24960,1,0,2020/2/6 9:49,
2020/2/5,29-111912,MLD-EX-20002,220,0,2020/3/4,36480,1,0,2020/2/6 9:49,
2020/2/5,29-111934,MLD-EX-20001,260,0,2020/3/4,2000,1,0,2020/2/6 9:49,
2020/2/5,29-111937,MLD-EX-20002,250,0,2020/2/28,320,1,0,2020/2/6 9:49,
2020/2/5,29-111941,MLD-EX-20002,220,0,2020/2/28,1024,1,0,2020/2/6 9:49,
2020/2/5,29-111959,MLD-EX-20002,220,0,2020/3/4,384,1,0,2020/2/6 9:49,
2020/2/5,29-112010,BON-MD-20023,60,0,2020/3/11,14919,1,0,2020/2/6 9:49,
2020/2/5,29-112010,MLD-MD-20031,110,0,2020/2/21,7211,1,0,2020/2/6 11:24,
2020/2/5,29-112010,MLD-MD-20032,120,0,2020/2/21,7211,1,0,2020/2/6 11:24,
2020/2/5,29-112010,MLD-MD-20035,70,0,2020/3/11,14280,1,0,2020/2/6 9:49,
2020/2/5,29-112010,MLD-MD-20036,80,0,2020/3/11,7140,1,0,2020/2/6 9:49,
2020/2/5,29-112028,BON-MD-20023,60,0,2020/3/9,1210,1,0,2020/2/6 9:49,
2020/2/5,29-112028,MLD-MD-20031,110,0,2020/3/2,585,1,0,2020/2/6 11:24,
2020/2/5,29-112028,MLD-MD-20032,120,0,2020/3/2,585,1,0,2020/2/6 11:24,
2020/2/5,29-112028,MLD-MD-20035,70,0,2020/3/9,1158,1,0,2020/2/6 9:49,
2020/2/5,29-112028,MLD-MD-20036,80,0,2020/3/9,579,1,0,2020/2/6 9:49,
2020/2/5,29-112032,BON-MD-20023,60,0,2020/3/9,2016,1,0,2020/2/6 9:49,
2020/2/5,29-112032,MLD-MD-20031,110,0,2020/3/2,975,1,0,2020/2/6 11:24,
2020/2/5,29-112032,MLD-MD-20032,120,0,2020/3/2,975,1,0,2020/2/6 11:24,
2020/2/5,29-112032,MLD-MD-20035,70,0,2020/3/9,1930,1,0,2020/2/6 9:49,
2020/2/5,29-112032,MLD-MD-20036,80,0,2020/3/9,965,1,0,2020/2/6 9:49,
2020/2/5,29-112035,BON-MD-20023,60,1,2020/3/27,14840,0,0,2020/2/6 9:49,2020/2/6 10:54
2020/2/5,29-112035,BON-MD-20023,60,2,2020/3/30,14840,0,0,2020/2/6 10:54,
2020/2/5,29-112035,BON-MD-20023,60,3,2020/4/1,14840,1,0,2020/2/6 10:54,
2020/2/5,29-112035,MLD-MD-20031,110,0,2020/3/16,21518,1,0,2020/2/6 11:24,
2020/2/5,29-112035,MLD-MD-20032,120,0,2020/3/16,21518,1,0,2020/2/6 11:24,
2020/2/5,29-112035,MLD-MD-20035,70,1,2020/3/27,14204,0,0,2020/2/6 9:49,2020/2/6 11:05
2020/2/5,29-112035,MLD-MD-20035,70,2,2020/3/30,14204,0,0,2020/2/6 11:05,
2020/2/5,29-112035,MLD-MD-20035,70,3,2020/4/1,14204,1,0,2020/2/6 11:05,
2020/2/5,29-112035,MLD-MD-20036,80,1,2020/3/27,7102,0,0,2020/2/6 9:49,2020/2/6 11:17
2020/2/5,29-112035,MLD-MD-20036,80,2,2020/3/30,7102,0,0,2020/2/6 11:17,
2020/2/5,29-112035,MLD-MD-20036,80,3,2020/4/1,7102,1,0,2020/2/6 11:17,
2020/2/5,29-112039,BON-MD-20023,60,0,2020/3/9,6855,1,0,2020/2/6 9:49,
2020/2/5,29-112039,MLD-MD-20031,110,0,2020/3/2,3313,1,0,2020/2/6 11:24,
2020/2/5,29-112039,MLD-MD-20032,120,0,2020/3/2,3313,1,0,2020/2/6 11:24,
2020/2/5,29-112039,MLD-MD-20035,70,0,2020/3/9,6561,1,0,2020/2/6 9:49,
2020/2/5,29-112039,MLD-MD-20036,80,0,2020/3/9,3281,1,0,2020/2/6 9:49,
2020/2/5,29-112040,BON-MD-20023,60,0,2020/3/25,20038,1,0,2020/2/6 9:49,
2020/2/5,29-112040,MLD-MD-20031,110,0,2020/3/9,9245,1,0,2020/2/6 11:24,
2020/2/5,29-112040,MLD-MD-20032,120,0,2020/3/9,9245,1,0,2020/2/6 11:24,
2020/2/5,29-112040,MLD-MD-20035,70,0,2020/3/25,18399,1,0,2020/2/6 9:49,
2020/2/5,29-112040,MLD-MD-20036,80,0,2020/3/25,9245,1,0,2020/2/6 9:49,
2020/2/5,29-112043,BON-MD-20023,60,1,2020/3/13,14280,0,0,2020/2/6 9:49,2020/2/6 10:17
2020/2/5,29-112043,BON-MD-20023,60,2,2020/3/16,14280,1,0,2020/2/6 10:17,
2020/2/5,29-112043,MLD-MD-20031,110,0,2020/3/11,13804,1,0,2020/2/6 11:24,
2020/2/5,29-112043,MLD-MD-20032,120,0,2020/3/11,13804,1,0,2020/2/6 11:24,
2020/2/5,29-112043,MLD-MD-20035,70,1,2020/3/13,13668,0,0,2020/2/6 9:49,2020/2/6 11:04
2020/2/5,29-112043,MLD-MD-20035,70,2,2020/3/16,13668,1,0,2020/2/6 11:04,
2020/2/5,29-112043,MLD-MD-20036,80,1,2020/3/13,6834,0,0,2020/2/6 9:49,2020/2/6 11:08
2020/2/5,29-112043,MLD-MD-20036,80,2,2020/3/16,6834,1,0,2020/2/6 11:08,
2020/2/5,29-112046,BON-MD-20023,60,1,2020/4/8,19530,0,0,2020/2/6 9:49,2020/2/6 10:56
2020/2/5,29-112046,BON-MD-20023,60,2,2020/4/10,19530,1,0,2020/2/6 10:56,
2020/2/5,29-112046,MLD-MD-20031,110,0,2020/3/13,18879,1,0,2020/2/6 11:24,
2020/2/5,29-112046,MLD-MD-20032,120,0,2020/3/13,18879,1,0,2020/2/6 11:24,
2020/2/5,29-112046,MLD-MD-20035,70,1,2020/4/8,18693,0,0,2020/2/6 9:49,2020/2/6 11:07
2020/2/5,29-112046,MLD-MD-20035,70,2,2020/4/10,18693,1,0,2020/2/6 11:07,
2020/2/5,29-112046,MLD-MD-20036,80,1,2020/4/8,9347,0,0,2020/2/6 9:49,2020/2/6 11:21
2020/2/5,29-112046,MLD-MD-20036,80,2,2020/4/10,9346,1,0,2020/2/6 11:21,
2020/2/5,29-112049,BON-MD-20023,60,0,2020/3/9,6300,1,0,2020/2/6 9:49,
2020/2/5,29-112049,MLD-MD-20031,110,0,2020/3/2,3045,1,0,2020/2/6 11:24,
2020/2/5,29-112049,MLD-MD-20032,120,0,2020/3/2,3045,1,0,2020/2/6 11:24,
2020/2/5,29-112049,MLD-MD-20035,70,0,2020/3/9,6030,1,0,2020/2/6 9:49,
2020/2/5,29-112049,MLD-MD-20036,80,0,2020/3/9,3015,1,0,2020/2/6 9:49,
2020/2/5,29-112050,BON-MD-20023,60,1,2020/3/18,13440,0,0,2020/2/6 9:49,2020/2/6 10:18
2020/2/5,29-112050,BON-MD-20023,60,2,2020/3/23,13440,1,0,2020/2/6 10:18,
2020/2/5,29-112050,MLD-MD-20031,110,0,2020/3/4,12992,1,0,2020/2/6 11:24,
2020/2/5,29-112050,MLD-MD-20032,120,0,2020/3/4,12992,1,0,2020/2/6 11:24,
2020/2/5,29-112050,MLD-MD-20035,70,1,2020/3/18,12864,0,0,2020/2/6 9:49,2020/2/6 11:04
2020/2/5,29-112050,MLD-MD-20035,70,2,2020/3/23,12864,1,0,2020/2/6 11:04,
2020/2/5,29-112050,MLD-MD-20036,80,1,2020/3/18,6432,0,0,2020/2/6 9:49,2020/2/6 11:09
2020/2/5,29-112050,MLD-MD-20036,80,2,2020/3/23,6432,1,0,2020/2/6 11:09,
2020/2/5,29-112051,BON-MD-20023,60,1,2020/4/3,13230,0,0,2020/2/6 9:49,2020/2/6 10:55
2020/2/5,29-112051,BON-MD-20023,60,2,2020/4/6,13230,1,0,2020/2/6 10:55,
2020/2/5,29-112051,MLD-MD-20031,110,0,2020/3/9,12789,1,0,2020/2/6 11:24,
2020/2/5,29-112051,MLD-MD-20032,120,0,2020/3/9,12789,1,0,2020/2/6 11:24,
2020/2/5,29-112051,MLD-MD-20035,70,1,2020/4/3,12663,0,0,2020/2/6 9:49,2020/2/6 11:06
2020/2/5,29-112051,MLD-MD-20035,70,2,2020/4/6,12663,1,0,2020/2/6 11:06,
2020/2/5,29-112051,MLD-MD-20036,80,1,2020/4/3,6332,0,0,2020/2/6 9:49,2020/2/6 11:20
2020/2/5,29-112051,MLD-MD-20036,80,2,2020/4/6,6331,1,0,2020/2/6 11:20,
2020/2/5,29-112057,MLD-MD-20034,100,0,2020/3/11,1010,1,0,2020/2/6 9:49,
2020/2/5,29-112061,MLD-MD-20034,110,0,2020/3/11,1031,1,0,2020/2/6 9:49,
2020/2/5,29-112062,MLD-MD-20034,100,0,2020/3/11,1010,1,0,2020/2/6 9:49,
2020/2/5,29-112105,BON-MD-20023,60,0,2020/3/9,420,1,0,2020/2/6 9:49,
2020/2/5,29-112105,MLD-MD-20031,110,0,2020/3/2,204,1,0,2020/2/6 11:24,
2020/2/5,29-112105,MLD-MD-20032,120,0,2020/3/2,204,1,0,2020/2/6 11:24,
2020/2/5,29-112105,MLD-MD-20035,70,0,2020/3/9,402,1,0,2020/2/6 9:49,
2020/2/5,29-112105,MLD-MD-20036,80,0,2020/3/9,204,1,0,2020/2/6 9:49,
2020/2/5,29-112208,MLD-MD-20031,110,0,2020/3/11,6821,1,0,2020/2/6 11:24,
2020/2/5,29-112208,MLD-MD-20032,120,0,2020/3/11,6821,1,0,2020/2/6 11:24,
2020/2/5,29-522537,MLD-EX-20002,210,0,2020/2/28,2880,1,0,2020/2/6 9:49,
2020/2/5,29-522663,BON-MD-20015,80,0,2020/3/13,2296,1,0,2020/2/6 9:49,
2020/2/5,29-522663,CAS-MD-20009,90,0,2020/3/13,1175,1,0,2020/2/6 9:49,
2020/2/5,29-522663,CAS-MD-20015,100,0,2020/3/13,1175,1,0,2020/2/6 9:49,
2020/2/5,29-522666,BON-MD-20015,80,0,2020/3/13,1692,1,0,2020/2/6 9:49,
2020/2/5,29-522666,CAS-MD-20009,90,0,2020/3/13,866,1,0,2020/2/6 9:49,
2020/2/5,29-522666,CAS-MD-20015,100,0,2020/3/13,866,1,0,2020/2/6 9:49,
2020/2/5,29-522677,BON-EX-20018,50,0,2020/3/2,1311,1,0,2020/2/6 9:49,
2020/2/5,29-522677,BON-MD-20026,70,0,2020/3/6,1273,1,0,2020/2/6 9:49,
2020/2/5,29-522677,CAS-MD-20021,130,0,2020/3/6,1268,1,0,2020/2/6 9:49,
2020/2/5,29-522677,CAS-MD-20022,140,0,2020/3/6,1268,1,0,2020/2/6 9:49,
2020/2/5,29-522677,MLD-MD-20049,240,0,2020/3/6,1311,1,0,2020/2/6 9:49,
2020/2/5,29-522677,MLD-MD-20056,100,0,2020/2/19,1268,1,0,2020/2/6 11:24,
2020/2/5,29-522677,MLD-MD-20057,80,0,2020/3/6,1268,1,0,2020/2/6 9:49,
2020/2/5,29-522677,MLD-MD-20058,90,0,2020/2/19,1268,1,0,2020/2/6 11:24,
2020/2/5,29-522677,MLD-MD-20059,230,0,2020/3/6,1311,1,0,2020/2/6 9:49,
2020/2/5,29-522681,BON-EX-20018,50,0,2020/3/2,1008,1,0,2020/2/6 9:49,
2020/2/5,29-522681,BON-MD-20026,70,0,2020/3/6,980,1,0,2020/2/6 9:49,
2020/2/5,29-522681,CAS-MD-20021,130,0,2020/3/6,976,1,0,2020/2/6 9:49,
2020/2/5,29-522681,CAS-MD-20022,140,0,2020/3/6,976,1,0,2020/2/6 9:49,
2020/2/5,29-522681,MLD-MD-20049,240,0,2020/3/6,1008,1,0,2020/2/6 9:49,
2020/2/5,29-522681,MLD-MD-20056,100,0,2020/2/19,976,1,0,2020/2/6 11:24,
2020/2/5,29-522681,MLD-MD-20057,80,0,2020/3/6,976,1,0,2020/2/6 9:49,
2020/2/5,29-522681,MLD-MD-20058,90,0,2020/2/19,976,1,0,2020/2/6 11:24,
2020/2/5,29-522681,MLD-MD-20059,230,0,2020/3/6,1008,1,0,2020/2/6 9:49,
2020/2/5,29-522684,BON-EX-20018,50,0,2020/3/2,605,1,0,2020/2/6 9:49,
2020/2/5,29-522684,BON-MD-20026,70,0,2020/3/6,588,1,0,2020/2/6 9:49,
2020/2/5,29-522684,CAS-MD-20021,130,0,2020/3/6,586,1,0,2020/2/6 9:49,
2020/2/5,29-522684,CAS-MD-20022,140,0,2020/3/6,586,1,0,2020/2/6 9:49,
2020/2/5,29-522684,MLD-MD-20051,240,0,2020/3/6,605,1,0,2020/2/6 9:49,
2020/2/5,29-522684,MLD-MD-20056,100,0,2020/2/19,586,1,0,2020/2/6 11:24,
2020/2/5,29-522684,MLD-MD-20057,80,0,2020/3/6,586,1,0,2020/2/6 9:49,
2020/2/5,29-522684,MLD-MD-20058,90,0,2020/2/19,586,1,0,2020/2/6 11:24,
2020/2/5,29-522684,MLD-MD-20060,230,0,2020/3/6,605,1,0,2020/2/6 9:49,
2020/2/5,96-299562,MLD-EX-20002,220,0,2020/2/28,60,1,0,2020/2/6 9:49,
2020/2/5,97-297378,MLD-EX-20002,190,0,2020/2/28,129,1,0,2020/2/6 9:49,
2020/2/5,97-297405,BON-MD-20023,60,0,2020/3/9,125,1,0,2020/2/6 9:49,
2020/2/5,97-297405,MLD-MD-20031,110,0,2020/2/21,61,1,0,2020/2/6 11:24,
2020/2/5,97-297405,MLD-MD-20032,120,0,2020/2/21,61,1,0,2020/2/6 11:24,
2020/2/5,97-297405,MLD-MD-20035,70,0,2020/3/9,123,1,0,2020/2/6 9:49,
2020/2/5,97-297405,MLD-MD-20036,80,0,2020/3/9,61,1,0,2020/2/6 9:49,
2020/2/5,97-297406,BON-MD-20023,60,0,2020/3/9,125,1,0,2020/2/6 9:49,
2020/2/5,97-297406,MLD-MD-20031,110,0,2020/2/21,61,1,0,2020/2/6 11:24,
2020/2/5,97-297406,MLD-MD-20032,120,0,2020/2/21,61,1,0,2020/2/6 11:24,
2020/2/5,97-297406,MLD-MD-20035,70,0,2020/3/9,123,1,0,2020/2/6 9:49,
2020/2/5,97-297406,MLD-MD-20036,80,0,2020/3/9,61,1,0,2020/2/6 9:49,
2020/2/5,97-297407,BON-MD-20023,60,0,2020/3/9,125,1,0,2020/2/6 9:49,
2020/2/5,97-297407,MLD-MD-20031,110,0,2020/2/21,61,1,0,2020/2/6 11:24,
2020/2/5,97-297407,MLD-MD-20032,120,0,2020/2/21,61,1,0,2020/2/6 11:24,
2020/2/5,97-297407,MLD-MD-20035,70,0,2020/3/9,123,1,0,2020/2/6 9:49,
2020/2/5,97-297407,MLD-MD-20036,80,0,2020/3/9,61,1,0,2020/2/6 9:49,
2020/2/5,98-295401,MLD-EX-20002,10,0,2020/2/28,244,1,0,2020/2/6 9:49,
2020/2/18,29-112253,MLD-MD-20031,110,0,2020/4/1,6821,1,0,2020/2/18 9:35,
2020/2/18,29-112253,MLD-MD-20032,120,0,2020/4/1,6821,1,0,2020/2/18 9:35,
2020/2/18,29-112278,MLD-MD-20031,110,0,2020/4/1,25,1,0,2020/2/18 9:35,
2020/2/18,29-112278,MLD-MD-20032,120,0,2020/4/1,25,1,0,2020/2/18 9:35,
2020/2/18,29-112320,MLD-MD-20031,120,0,2020/3/30,7369,1,0,2020/2/18 9:35,
2020/2/18,29-112320,MLD-MD-20032,130,0,2020/3/30,7369,1,0,2020/2/18 9:35,
2020/2/18,29-112323,MLD-MD-20031,120,0,2020/4/1,1164,1,0,2020/2/18 9:35,
2020/2/18,29-112323,MLD-MD-20032,130,0,2020/4/1,1164,1,0,2020/2/18 9:35,
2020/2/18,29-112327,MLD-MD-20031,110,0,2020/3/25,9105,1,0,2020/2/18 9:35,
2020/2/18,29-112327,MLD-MD-20032,120,0,2020/3/25,9105,1,0,2020/2/18 9:35,
2020/2/18,29-112367,MLD-MD-20031,120,0,2020/3/27,8080,1,0,2020/2/18 9:35,
2020/2/18,29-112367,MLD-MD-20032,130,0,2020/3/27,8080,1,0,2020/2/18 9:35,
2020/2/18,29-522758,MLD-MD-20055,90,0,2020/3/2,2534,1,0,2020/2/18 9:35,
2020/2/18,29-522758,MLD-MD-20056,100,0,2020/3/2,2534,1,0,2020/2/18 9:35,
2020/2/18,29-522762,MLD-MD-20055,90,0,2020/3/9,2047,1,0,2020/2/18 9:35,
2020/2/18,29-522762,MLD-MD-20056,100,0,2020/3/9,2047,1,0,2020/2/18 9:35,
2020/2/18,29-522765,MLD-MD-20055,90,0,2020/3/13,2047,1,0,2020/2/18 9:35,
2020/2/18,29-522765,MLD-MD-20056,100,0,2020/3/13,2047,1,0,2020/2/18 9:35,
2020/2/18,29-522766,MLD-MD-20055,90,0,2020/3/13,2047,1,0,2020/2/18 9:35,
2020/2/18,29-522766,MLD-MD-20056,100,0,2020/3/13,2047,1,0,2020/2/18 9:35,
2020/2/18,29-522769,MLD-MD-20055,90,0,2020/3/2,1949,1,0,2020/2/18 9:35,
2020/2/18,29-522769,MLD-MD-20056,100,0,2020/3/2,1949,1,0,2020/2/18 9:35,
2020/2/18,29-522770,MLD-MD-20055,90,0,2020/3/9,1949,1,0,2020/2/18 9:35,
2020/2/18,29-522770,MLD-MD-20056,100,0,2020/3/9,1949,1,0,2020/2/18 9:35,
2020/2/18,97-297448,MLD-MD-20031,110,0,2020/3/30,103,1,0,2020/2/18 9:35,
2020/2/18,97-297448,MLD-MD-20032,120,0,2020/3/30,103,1,0,2020/2/18 9:35,
2020/2/19,29-111897,MLD-EX-20002,210,0,2020/3/13,12480,1,0,2020/2/19 18:52,
2020/2/19,29-111904,MLD-EX-20002,210,0,2020/3/30,37440,1,0,2020/2/19 18:52,
2020/2/19,29-111908,MLD-EX-20002,240,0,2020/3/6,12480,1,0,2020/2/19 18:52,
2020/2/19,29-112201,BON-CO-20002,70,0,2020/3/25,807,1,0,2020/2/19 18:52,2020/3/18 14:29
2020/2/19,29-112201,MLD-CO-20012,110,0,2020/3/23,392,1,0,2020/2/19 18:52,
2020/2/19,29-112201,MLD-CO-20014,90,0,2020/3/23,392,1,0,2020/2/19 18:52,
2020/2/19,29-112201,MLD-CO-20021,80,0,2020/3/23,392,1,0,2020/2/19 18:52,
2020/2/19,29-112201,MLD-CO-20022,100,0,2020/3/23,392,1,0,2020/2/19 18:52,
2020/2/19,29-112208,BON-MD-20023,60,0,2020/4/13,14112,1,0,2020/2/19 18:52,
2020/2/19,29-112208,MLD-MD-20035,70,0,2020/4/13,13508,1,0,2020/2/19 18:52,
2020/2/19,29-112208,MLD-MD-20036,80,0,2020/4/13,6754,1,0,2020/2/19 18:52,
2020/2/19,29-112253,BON-MD-20023,60,0,2020/4/15,14112,1,0,2020/2/19 18:52,
2020/2/19,29-112253,MLD-MD-20035,70,0,2020/4/17,13508,1,0,2020/2/19 18:52,2020/4/14 9:23
2020/2/19,29-112253,MLD-MD-20036,80,0,2020/4/15,6754,1,0,2020/2/19 18:52,
2020/2/19,29-112278,BON-MD-20023,60,0,2020/4/15,53,1,0,2020/2/19 18:52,
2020/2/19,29-112278,MLD-MD-20035,70,0,2020/4/17,51,1,0,2020/2/19 18:52,2020/4/14 9:23
2020/2/19,29-112278,MLD-MD-20036,80,0,2020/4/15,25,1,0,2020/2/19 18:52,
2020/2/19,29-112320,BON-MD-20023,70,0,2020/4/20,16052,1,0,2020/2/19 18:52,
2020/2/19,29-112320,MLD-MD-20035,80,0,2020/4/20,14738,1,0,2020/2/19 18:52,
2020/2/19,29-112320,MLD-MD-20036,90,0,2020/4/20,7406,1,0,2020/2/19 18:52,
2020/2/19,29-112323,BON-MD-20023,70,0,2020/4/22,2535,1,0,2020/2/19 18:52,
2020/2/19,29-112323,MLD-MD-20035,80,0,2020/4/22,2328,1,0,2020/2/19 18:52,
2020/2/19,29-112323,MLD-MD-20036,90,0,2020/4/22,1170,1,0,2020/2/19 18:52,
2020/2/19,29-112327,BON-MD-20023,60,0,2020/4/17,19734,1,0,2020/2/19 18:52,
2020/2/19,29-112327,MLD-MD-20035,70,0,2020/4/17,18120,1,0,2020/2/19 18:52,
2020/2/19,29-112327,MLD-MD-20036,80,0,2020/4/17,9105,1,0,2020/2/19 18:52,
2020/2/19,29-112367,BON-MD-20023,70,0,2020/4/22,16800,1,0,2020/2/19 18:52,
2020/2/19,29-112367,MLD-MD-20035,80,0,2020/4/22,16160,1,0,2020/2/19 18:52,
2020/2/19,29-112367,MLD-MD-20036,90,0,2020/4/22,8120,1,0,2020/2/19 18:52,
2020/2/19,29-522636,BON-DFL-20008,60,0,2020/3/25,890,1,0,2020/2/19 18:52,
2020/2/19,29-522636,BON-DFL-20009,70,0,2020/3/25,890,1,0,2020/2/19 18:52,
2020/2/19,29-522639,BON-DFL-20008,60,0,2020/4/1,693,1,0,2020/2/19 18:52,
2020/2/19,29-522639,BON-DFL-20009,70,0,2020/4/1,693,1,0,2020/2/19 18:52,
2020/2/19,29-522669,MLD-MD-20034,100,0,2020/3/11,1132,1,0,2020/2/19 18:52,
2020/2/19,29-522722,BON-DFL-20008,60,0,2020/4/1,3461,1,0,2020/2/19 18:52,
2020/2/19,29-522722,BON-DFL-20009,70,0,2020/4/1,3461,1,0,2020/2/19 18:52,
2020/2/19,29-522725,BON-DFL-20008,60,0,2020/3/25,2769,1,0,2020/2/19 18:52,
2020/2/19,29-522725,BON-DFL-20009,70,0,2020/3/25,2769,1,0,2020/2/19 18:52,
2020/2/19,29-522728,BON-DFL-20008,60,0,2020/4/1,3692,1,0,2020/2/19 18:52,
2020/2/19,29-522728,BON-DFL-20009,70,0,2020/4/1,3692,1,0,2020/2/19 18:52,
2020/2/19,29-522732,BON-DFL-20008,60,0,2020/3/25,2571,1,0,2020/2/19 18:52,
2020/2/19,29-522732,BON-DFL-20009,70,0,2020/3/25,2571,1,0,2020/2/19 18:52,
2020/2/19,29-522733,BON-DFL-20008,60,0,2020/3/25,3460,1,0,2020/2/19 18:52,
2020/2/19,29-522733,BON-DFL-20009,70,0,2020/3/25,3460,1,0,2020/2/19 18:52,
2020/2/19,29-522736,BON-DFL-20008,60,0,2020/3/25,1176,1,0,2020/2/19 18:52,
2020/2/19,29-522736,BON-DFL-20009,70,0,2020/3/25,1176,1,0,2020/2/19 18:52,
2020/2/19,29-522758,BON-EX-20018,50,0,2020/3/16,2596,1,0,2020/2/19 18:52,
2020/2/19,29-522758,BON-MD-20026,70,0,2020/3/18,2546,1,0,2020/2/19 18:52,
2020/2/19,29-522758,CAS-MD-20021,130,0,2020/3/18,2534,1,0,2020/2/19 18:52,
2020/2/19,29-522758,CAS-MD-20022,140,0,2020/3/18,2534,1,0,2020/2/19 18:52,
2020/2/19,29-522758,MLD-MD-20057,80,0,2020/3/18,2534,1,0,2020/2/19 18:52,
2020/2/19,29-522762,BON-EX-20018,50,0,2020/3/16,2097,1,0,2020/2/19 18:52,
2020/2/19,29-522762,BON-MD-20026,70,0,2020/3/23,2057,1,0,2020/2/19 18:52,
2020/2/19,29-522762,CAS-MD-20021,130,0,2020/3/23,2047,1,0,2020/2/19 18:52,
2020/2/19,29-522762,CAS-MD-20022,140,0,2020/3/23,2047,1,0,2020/2/19 18:52,
2020/2/19,29-522762,MLD-MD-20057,80,0,2020/3/23,2047,1,0,2020/2/19 18:52,
2020/2/19,29-522765,BON-EX-20018,50,0,2020/3/16,2097,1,0,2020/2/19 18:52,
2020/2/19,29-522765,BON-MD-20026,70,0,2020/3/27,2057,1,0,2020/2/19 18:52,
2020/2/19,29-522765,CAS-MD-20021,130,0,2020/3/27,2047,1,0,2020/2/19 18:52,
2020/2/19,29-522765,CAS-MD-20022,140,0,2020/3/27,2047,1,0,2020/2/19 18:52,
2020/2/19,29-522765,MLD-MD-20057,80,0,2020/3/27,2047,1,0,2020/2/19 18:52,
2020/2/19,29-522766,BON-EX-20018,50,0,2020/3/16,2097,1,0,2020/2/19 18:52,
2020/2/19,29-522766,BON-MD-20026,70,0,2020/3/27,2057,1,0,2020/2/19 18:52,
2020/2/19,29-522766,CAS-MD-20021,130,0,2020/3/27,2047,1,0,2020/2/19 18:52,
2020/2/19,29-522766,CAS-MD-20022,140,0,2020/3/27,2047,1,0,2020/2/19 18:52,
2020/2/19,29-522766,MLD-MD-20057,80,0,2020/3/27,2047,1,0,2020/2/19 18:52,
2020/2/19,29-522769,BON-EX-20018,50,0,2020/3/16,1997,1,0,2020/2/19 18:52,
2020/2/19,29-522769,BON-MD-20026,70,0,2020/4/13,1959,1,0,2020/2/19 18:52,
2020/2/19,29-522769,CAS-MD-20021,130,0,2020/4/13,1949,1,0,2020/2/19 18:52,
2020/2/19,29-522769,CAS-MD-20022,140,0,2020/4/13,1949,1,0,2020/2/19 18:52,
2020/2/19,29-522769,MLD-MD-20057,80,0,2020/4/13,1949,1,0,2020/2/19 18:52,
2020/2/19,29-522770,BON-EX-20018,50,0,2020/3/16,1997,1,0,2020/2/19 18:52,
2020/2/19,29-522770,BON-MD-20026,70,1,2020/4/13,1679,0,0,2020/2/19 18:52,2020/4/8 15:28
2020/2/19,29-522770,BON-MD-20026,70,2,2020/4/15,280,1,0,2020/4/8 15:28,
2020/2/19,29-522770,CAS-MD-20021,130,1,2020/4/13,1697,0,0,2020/2/19 18:52,2020/4/10 10:46
2020/2/19,29-522770,CAS-MD-20021,130,2,2020/4/15,252,1,0,2020/4/10 10:46,
2020/2/19,29-522770,CAS-MD-20022,140,1,2020/4/13,605,0,0,2020/2/19 18:52,2020/4/10 10:47
2020/2/19,29-522770,CAS-MD-20022,140,2,2020/4/15,1344,1,0,2020/4/10 10:47,
2020/2/19,29-522770,MLD-MD-20057,80,0,2020/4/13,1949,1,0,2020/2/19 18:52,
2020/2/19,29-522803,BON-DFL-20008,60,0,2020/4/3,10383,1,0,2020/2/19 18:52,
2020/2/19,29-522803,BON-DFL-20009,70,0,2020/4/10,10383,1,0,2020/2/19 18:52,
2020/2/19,90-295122,BON-DFL-20008,10,0,2020/2/28,1000,1,0,2020/2/19 18:52,
2020/2/19,97-297448,BON-MD-20023,60,0,2020/4/13,206,1,0,2020/2/19 18:52,
2020/2/19,97-297448,MLD-MD-20035,70,0,2020/4/13,204,1,0,2020/2/19 18:52,
2020/2/19,97-297448,MLD-MD-20052,80,0,2020/3/2,103,1,0,2020/2/19 18:52,
2020/2/21,29-112087,MLD-EX-20001,270,0,2020/3/30,449,1,0,2020/2/21 17:49,
2020/2/21,29-112095,MLD-EX-20001,230,0,2020/3/30,448,1,0,2020/2/21 17:49,
2020/2/21,29-112149,MLD-EX-20001,220,0,2020/3/30,448,1,0,2020/2/21 17:49,
2020/2/21,29-112224,MLD-EX-20001,230,0,2020/3/23,4704,1,0,2020/2/21 17:49,
2020/2/21,29-112305,MLD-EX-20001,220,0,2020/3/30,2240,1,0,2020/2/21 17:49,
2020/2/21,29-112308,MLD-EX-20001,230,0,2020/3/30,2240,1,0,2020/2/21 17:49,
2020/2/21,29-112360,MLD-EX-20001,220,0,2020/3/23,860,1,0,2020/2/21 17:49,
2020/2/21,29-112361,MLD-EX-20001,220,0,2020/3/23,240,1,0,2020/2/21 17:49,
2020/2/21,29-112372,MLD-EX-20001,240,0,2020/3/30,2003,1,0,2020/2/21 17:49,
2020/2/21,29-522544,MLD-EX-20001,220,0,2020/3/23,80,1,0,2020/2/21 17:49,
2020/2/21,29-522758,MLD-MD-20049,230,0,2020/3/23,2534,1,0,2020/2/21 17:49,
2020/2/21,29-522758,MLD-MD-20059,220,0,2020/3/23,2534,1,0,2020/2/21 17:49,
2020/2/21,29-522762,MLD-MD-20049,230,0,2020/3/25,2047,1,0,2020/2/21 17:49,
2020/2/21,29-522762,MLD-MD-20059,220,0,2020/3/25,2047,1,0,2020/2/21 17:49,
2020/2/21,29-522765,MLD-MD-20049,230,0,2020/4/1,2047,1,0,2020/2/21 17:49,
2020/2/21,29-522765,MLD-MD-20059,220,0,2020/4/1,2047,1,0,2020/2/21 17:49,
2020/2/21,29-522766,MLD-MD-20049,230,1,2020/4/1,1687,0,0,2020/2/21 17:49,2020/3/31 10:11
2020/2/21,29-522766,MLD-MD-20049,230,2,2020/4/10,360,1,0,2020/3/31 10:11,2020/4/1 11:03
2020/2/21,29-522766,MLD-MD-20059,220,0,2020/4/1,2047,1,0,2020/2/21 17:49,
2020/2/21,29-522769,MLD-MD-20049,230,0,2020/4/15,1949,1,0,2020/2/21 17:49,
2020/2/21,29-522769,MLD-MD-20059,220,0,2020/4/17,1949,1,0,2020/2/21 17:49,2020/4/14 9:23
2020/2/21,29-522770,MLD-MD-20049,230,0,2020/4/15,1949,1,0,2020/2/21 17:49,
2020/2/21,29-522770,MLD-MD-20059,220,0,2020/4/17,1949,1,0,2020/2/21 17:49,2020/4/14 9:23
2020/2/21,29-522784,MLD-EX-20001,220,0,2020/3/23,1680,1,0,2020/2/21 17:49,
2020/2/21,90-295121,MLD-MD-20049,80,0,2020/4/15,43,1,0,2020/2/21 17:49,
2020/2/21,90-295121,MLD-MD-20059,70,0,2020/4/17,43,1,0,2020/2/21 17:49,2020/4/14 9:23
2020/3/3,97-292114,BON-EX-20018,40,0,2020/3/5,45,1,0,2020/3/3 19:21,
2020/3/3,97-292114,BON-MD-20026,60,0,2020/3/6,45,1,0,2020/3/3 19:21,
2020/3/3,97-292114,CAS-MD-20021,120,0,2020/3/6,45,1,0,2020/3/3 19:21,
2020/3/3,97-292114,CAS-MD-20022,130,0,2020/3/6,45,1,0,2020/3/3 19:21,
2020/3/3,97-292114,MLD-MD-20057,70,0,2020/3/6,45,1,0,2020/3/3 19:21,
2020/3/4,29-112501,MLD-MD-20031,115,0,2020/3/11,1000,1,0,2020/3/5 16:51,
2020/3/4,29-112501,MLD-MD-20032,130,0,2020/3/11,1000,1,0,2020/3/5 16:51,
2020/3/6,29-522758,MLD-MD-20055,95,0,2020/3/9,100,1,0,2020/3/6 10:43,
2020/3/6,29-522758,MLD-MD-20056,105,0,2020/3/9,100,1,0,2020/3/6 10:43,
2020/3/11,29-112456,MLD-MD-20031,110,0,2020/4/6,14860,1,0,2020/3/12 13:48,
2020/3/11,29-112456,MLD-MD-20032,120,0,2020/4/6,14860,1,0,2020/3/12 13:48,
2020/3/11,29-112497,MLD-MD-20031,110,0,2020/4/20,11368,1,0,2020/3/12 13:48,
2020/3/11,29-112497,MLD-MD-20032,120,0,2020/4/20,11368,1,0,2020/3/12 13:48,
2020/3/11,29-112500,MLD-MD-20031,110,0,2020/4/3,9245,1,0,2020/3/12 13:48,
2020/3/11,29-112500,MLD-MD-20032,120,0,2020/4/3,9245,1,0,2020/3/12 13:48,
2020/3/11,29-112501,MLD-MD-20031,110,1,2020/3/11,1000,0,0,2020/4/9 13:25,
2020/3/11,29-112501,MLD-MD-20031,110,2,2020/4/10,12000,0,0,2020/3/12 13:48,2020/4/9 13:25
2020/3/11,29-112501,MLD-MD-20031,110,3,2020/4/13,4037,1,0,2020/4/9 13:25,
2020/3/11,29-112501,MLD-MD-20032,120,1,2020/3/11,1000,0,0,2020/4/9 13:26,
2020/3/11,29-112501,MLD-MD-20032,120,2,2020/4/10,12000,0,0,2020/3/12 13:48,2020/4/9 13:26
2020/3/11,29-112501,MLD-MD-20032,120,3,2020/4/13,4037,1,0,2020/4/9 13:26,
2020/3/11,29-112629,MLD-MD-20031,110,0,2020/4/6,204,1,0,2020/3/12 13:48,
2020/3/11,29-112629,MLD-MD-20032,120,0,2020/4/6,204,1,0,2020/3/12 13:48,
2020/3/11,29-522773,MLD-MD-20055,90,0,2020/4/13,975,1,0,2020/3/12 13:48,
2020/3/11,29-522773,MLD-MD-20056,100,0,2020/4/13,975,1,0,2020/3/12 13:48,
2020/3/11,29-522814,MLD-MD-20031,110,0,2020/4/17,5116,1,0,2020/3/12 13:48,
2020/3/11,29-522814,MLD-MD-20032,120,0,2020/4/17,5116,1,0,2020/3/12 13:48,
2020/3/11,29-522817,MLD-MD-20031,110,0,2020/4/17,5015,1,0,2020/3/12 13:48,
2020/3/11,29-522817,MLD-MD-20032,120,0,2020/4/17,5015,1,0,2020/3/12 13:48,
2020/3/11,29-585349,MLD-MD-20031,110,0,2020/4/6,1220,1,0,2020/3/12 13:48,
2020/3/11,29-585349,MLD-MD-20032,120,0,2020/4/6,1220,1,0,2020/3/12 13:48,
2020/3/11,97-292114,MLD-MD-20055,80,0,2020/4/13,45,1,0,2020/3/12 13:48,
2020/3/11,97-292114,MLD-MD-20056,90,0,2020/4/13,45,1,0,2020/3/12 13:48,
2020/3/11,97-297465,MLD-MD-20031,100,0,2020/4/3,6,1,0,2020/3/12 13:48,
2020/3/11,97-297465,MLD-MD-20032,110,0,2020/4/3,6,1,0,2020/3/12 13:48,
2020/3/12,29-522773,BON-EX-20018,55,0,2020/3/16,240,1,0,2020/3/13 13:35,
2020/3/12,29-522773,BON-MD-20026,75,0,2020/3/18,270,1,0,2020/3/13 13:35,
2020/3/13,29-111901,MLD-EX-20002,210,0,2020/3/18,37440,1,0,2020/3/13 19:06,
2020/3/13,29-112040,MLD-EX-20002,250,0,2020/3/25,18216,1,0,2020/3/13 19:06,
2020/3/13,29-112072,MLD-EX-20002,220,0,2020/3/30,640,1,0,2020/3/13 19:06,
2020/3/13,29-112073,MLD-EX-20002,220,0,2020/3/30,1024,1,0,2020/3/13 19:06,
2020/3/13,29-112076,MLD-EX-20002,220,0,2020/3/30,2000,1,0,2020/3/13 19:06,
2020/3/13,29-112079,MLD-EX-20002,220,0,2020/4/1,8000,1,0,2020/3/13 19:06,
2020/3/13,29-112080,MLD-EX-20002,220,0,2020/4/1,8000,1,0,2020/3/13 19:06,
2020/3/13,29-112083,MLD-EX-20002,220,0,2020/3/30,1024,1,0,2020/3/13 19:06,
2020/3/13,29-112084,MLD-EX-20002,220,0,2020/3/30,512,1,0,2020/3/13 19:06,
2020/3/13,29-112110,MLD-EX-20002,280,0,2020/3/25,160,1,0,2020/3/13 19:06,
2020/3/13,29-112113,MLD-EX-20002,290,0,2020/3/27,1680,1,0,2020/3/13 19:06,
2020/3/13,29-112127,MLD-EX-20002,280,0,2020/3/27,1792,1,0,2020/3/13 19:06,
2020/3/13,29-112150,MLD-EX-20002,250,0,2020/3/27,1153,1,0,2020/3/13 19:06,
2020/3/13,29-112153,MLD-EX-20002,270,0,2020/3/27,244,1,0,2020/3/13 19:06,
2020/3/13,29-112154,MLD-EX-20002,250,0,2020/3/27,641,1,0,2020/3/13 19:06,
2020/3/13,29-112157,MLD-EX-20002,260,0,2020/3/27,4993,1,0,2020/3/13 19:06,
2020/3/13,29-112161,MLD-EX-20002,250,0,2020/3/27,640,1,0,2020/3/13 19:06,
2020/3/13,29-112164,MLD-EX-20002,260,0,2020/3/27,5377,1,0,2020/3/13 19:06,
2020/3/13,29-112165,MLD-EX-20002,250,0,2020/3/30,1153,1,0,2020/3/13 19:06,
2020/3/13,29-112168,MLD-EX-20002,250,0,2020/3/30,960,1,0,2020/3/13 19:06,
2020/3/13,29-112256,MLD-EX-20002,260,0,2020/3/30,4480,1,0,2020/3/13 19:06,
2020/3/13,29-112301,MLD-EX-20002,230,0,2020/3/30,3200,1,0,2020/3/13 19:06,
2020/3/13,29-112327,MLD-EX-20002,250,0,2020/4/10,17940,1,0,2020/3/13 19:06,
2020/3/13,29-112401,MLD-EX-20001,240,0,2020/4/17,4227,1,0,2020/3/13 19:06,
2020/3/13,29-112456,BON-MD-20023,60,1,2020/4/24,15120,0,0,2020/3/13 19:06,2020/3/16 10:26
2020/3/13,29-112456,BON-MD-20023,60,2,2020/5/8,15624,1,0,2020/3/16 10:26,
2020/3/13,29-112456,MLD-MD-20035,70,1,2020/4/24,15000,0,0,2020/3/13 19:06,2020/3/16 10:56
2020/3/13,29-112456,MLD-MD-20035,70,2,2020/5/8,14427,1,0,2020/3/16 10:56,
2020/3/13,29-112500,BON-MD-20023,60,0,2020/5/11,20038,1,0,2020/3/13 19:06,
2020/3/13,29-112500,MLD-MD-20035,70,0,2020/5/11,18399,1,0,2020/3/13 19:06,
2020/3/13,29-112500,MLD-MD-20036,80,0,2020/5/8,9245,1,0,2020/3/13 19:06,
2020/3/13,29-112681,BON-NDS-20002,80,1,2020/4/13,6500,0,0,2020/3/13 19:06,2020/3/16 10:28
2020/3/13,29-112681,BON-NDS-20002,80,2,2020/4/15,6590,1,0,2020/3/16 10:28,
2020/3/13,29-112681,CAS-NDS-20001,90,1,2020/4/13,3300,0,0,2020/3/13 19:06,2020/3/16 10:29
2020/3/13,29-112681,CAS-NDS-20001,90,2,2020/4/15,3310,1,0,2020/3/16 10:29,
2020/3/13,29-112681,CAS-NDS-20002,100,1,2020/4/13,3300,0,0,2020/3/13 19:06,2020/3/16 10:29
2020/3/13,29-112681,CAS-NDS-20002,100,2,2020/4/15,3310,1,0,2020/3/16 10:29,
2020/3/13,29-112681,MLD-NDS-20001,120,1,2020/4/13,7000,0,0,2020/3/13 19:06,2020/3/16 11:01
2020/3/13,29-112681,MLD-NDS-20001,120,2,2020/4/15,6090,1,0,2020/3/16 11:00,2020/3/16 11:01
2020/3/13,29-112681,MLD-NDS-20002,110,1,2020/4/13,7000,0,0,2020/3/13 19:06,2020/3/16 11:01
2020/3/13,29-112681,MLD-NDS-20002,110,2,2020/4/15,6090,1,0,2020/3/16 11:01,
2020/3/13,29-112681,SPR-NDS-20001,130,0,2020/4/10,13090,1,0,2020/3/13 19:06,
2020/3/13,29-522360,MLD-EX-20002,210,0,2020/3/25,600,1,0,2020/3/13 19:06,
2020/3/13,29-522548,MLD-EX-20002,240,0,2020/3/30,320,1,0,2020/3/13 19:06,
2020/3/13,29-522703,MLD-EX-20002,220,0,2020/4/3,14976,1,0,2020/3/13 19:06,
2020/3/13,29-522709,MLD-EX-20002,220,0,2020/4/6,14976,1,0,2020/3/13 19:06,
2020/3/13,29-522710,MLD-EX-20002,220,0,2020/4/8,14976,1,0,2020/3/13 19:06,
2020/3/13,29-522714,MLD-EX-20002,140,0,2020/3/30,1320,1,0,2020/3/13 19:06,
2020/3/13,29-522717,MLD-EX-20002,140,0,2020/3/30,1280,1,0,2020/3/13 19:06,
2020/3/13,29-522773,BON-EX-20018,50,0,2020/4/10,989,1,0,2020/3/13 19:06,
2020/3/13,29-522773,BON-MD-20026,70,0,2020/4/20,980,1,0,2020/3/13 19:06,
2020/3/13,29-522773,CAS-MD-20021,130,0,2020/4/20,975,1,0,2020/3/13 19:06,
2020/3/13,29-522773,CAS-MD-20022,140,0,2020/4/20,975,1,0,2020/3/13 19:06,
2020/3/13,29-522773,MLD-MD-20049,240,0,2020/4/24,975,1,0,2020/3/13 19:06,
2020/3/13,29-522773,MLD-MD-20057,80,0,2020/4/24,975,1,0,2020/3/13 19:06,
2020/3/13,29-522773,MLD-MD-20059,230,0,2020/4/24,975,1,0,2020/3/13 19:06,
2020/3/13,29-522792,MLD-EX-20001,160,0,2020/4/24,4224,1,0,2020/3/13 19:06,
2020/3/13,29-522802,MLD-EX-20001,160,0,2020/4/24,4224,1,0,2020/3/13 19:06,
2020/3/13,29-522814,BON-MD-20023,60,0,2020/5/13,10232,1,0,2020/3/13 19:06,
2020/3/13,29-522814,MLD-MD-20053,80,0,2020/4/13,5116,1,0,2020/3/13 19:06,
2020/3/13,29-522817,BON-MD-20023,60,0,2020/5/15,10029,1,0,2020/3/13 19:06,
2020/3/13,29-522817,MLD-MD-20052,80,0,2020/4/13,5015,1,0,2020/3/13 19:06,
2020/3/13,29-522835,BON-DFL-20008,60,0,2020/4/22,8986,1,0,2020/3/13 19:06,
2020/3/13,29-522835,BON-DFL-20009,70,0,2020/4/22,8813,1,0,2020/3/13 19:06,
2020/3/13,29-522835_2,BON-DFL-20009,75,0,2020/4/22,173,0,0,2020/3/13 19:06,
2020/3/13,29-522836,BON-DFL-20008,60,0,2020/4/10,10484,1,0,2020/3/13 19:06,2020/3/25 9:57
2020/3/13,29-522836,BON-DFL-20009,70,0,2020/4/15,10282,1,0,2020/3/13 19:06,2020/3/25 9:57
2020/3/13,29-522836_2,BON-DFL-20009,75,0,2020/4/15,202,0,0,2020/3/13 19:06,2020/3/25 9:57
2020/3/13,29-585349,MLD-MD-20052,80,0,2020/4/13,1220,1,0,2020/3/13 19:06,
2020/3/13,90-295118,MLD-EX-20002,120,0,2020/3/30,6,1,0,2020/3/13 19:06,
2020/3/17,29-112795,MLD-MD-20031,120,0,2020/4/13,4655,1,0,2020/3/18 13:52,
2020/3/17,29-112795,MLD-MD-20032,130,0,2020/4/13,4655,1,0,2020/3/18 13:52,
2020/3/17,29-112796,MLD-MD-20031,120,0,2020/4/13,1164,1,0,2020/3/18 13:52,
2020/3/17,29-112796,MLD-MD-20032,130,0,2020/4/13,1164,1,0,2020/3/18 13:52,
2020/3/24,29-112394,MLD-EX-20002,240,0,2020/4/15,12480,1,0,2020/3/25 10:02,
2020/3/24,29-112397,MLD-EX-20002,200,0,2020/4/8,49920,1,0,2020/3/25 10:02,
2020/3/24,29-112714,MLD-EX-20002,220,0,2020/4/17,32256,1,0,2020/3/25 10:02,
2020/3/24,29-112718,MLD-EX-20002,240,0,2020/5/8,12480,1,0,2020/3/25 10:02,
2020/3/24,29-112722,MLD-EX-20002,240,0,2020/5/11,12480,1,0,2020/3/25 10:02,
2020/3/24,29-112725,MLD-EX-20002,210,0,2020/4/24,24960,1,0,2020/3/25 10:02,
2020/3/24,29-112795,BON-MD-20023,70,0,2020/5/20,10138,1,0,2020/3/25 10:02,2020/5/12 13:49
2020/3/24,29-112795,MLD-MD-20035,80,0,2020/5/20,9309,1,0,2020/3/25 10:02,2020/5/12 13:52
2020/3/24,29-112795,MLD-MD-20036,90,0,2020/5/20,4678,1,0,2020/3/25 10:02,2020/5/12 13:52
2020/3/24,29-112796,BON-MD-20023,70,0,2020/5/20,2535,1,0,2020/3/25 10:02,2020/5/12 13:49
2020/3/24,29-112796,MLD-MD-20035,80,0,2020/5/20,2328,1,0,2020/3/25 10:02,2020/5/12 13:52
2020/3/24,29-112796,MLD-MD-20036,90,0,2020/5/20,1170,1,0,2020/3/25 10:02,2020/5/12 13:52
2020/3/24,29-112800,BON-MD-20015,80,0,2020/4/13,7973,1,0,2020/3/25 10:02,
2020/3/24,29-112800,CAS-MD-20015,100,0,2020/4/13,1680,1,0,2020/3/25 10:02,
2020/3/24,29-112803,MLD-MD-20034,100,0,2020/4/13,1132,1,0,2020/3/25 10:02,
2020/3/24,29-112806,MLD-MD-20034,100,0,2020/4/13,1132,1,0,2020/3/25 10:02,
2020/3/24,29-112836,MLD-EX-20002,200,1,2020/5/15,31200,0,0,2020/3/25 10:02,2020/3/25 10:08
2020/3/24,29-112836,MLD-EX-20002,200,2,2020/5/20,31200,1,0,2020/3/25 10:08,
2020/3/24,29-112839,MLD-EX-20002,200,1,2020/5/27,31200,0,0,2020/3/25 10:02,2020/5/12 14:16
2020/3/24,29-112839,MLD-EX-20002,200,2,2020/6/5,31200,1,0,2020/3/25 10:09,2020/5/12 14:16
2020/3/24,29-112840,MLD-EX-20002,240,0,2020/5/13,12480,1,0,2020/3/25 10:02,
2020/3/24,29-522824,BON-DFL-20008,60,0,2020/4/24,3460,1,0,2020/3/25 10:02,2020/4/7 10:05
2020/3/24,29-522824,BON-DFL-20009,70,0,2020/5/13,3460,1,0,2020/3/25 10:02,
2020/3/24,29-522825,BON-DFL-20008,60,0,2020/4/24,1176,1,0,2020/3/25 10:02,2020/4/7 10:05
2020/3/24,29-522825,BON-DFL-20009,70,0,2020/5/13,1176,1,0,2020/3/25 10:02,
2020/3/24,29-522828,BON-DFL-20008,60,0,2020/5/8,3411,1,0,2020/3/25 10:02,2020/4/7 10:07
2020/3/24,29-522828,BON-DFL-20009,70,0,2020/5/15,3411,1,0,2020/3/25 10:02,
2020/3/24,29-522846,BON-DFL-20008,60,0,2020/4/24,3692,1,0,2020/3/25 10:02,2020/4/7 10:05
2020/3/24,29-522846,BON-DFL-20009,70,0,2020/5/13,3692,1,0,2020/3/25 10:02,
2020/3/24,29-522847,BON-DFL-20008,60,0,2020/4/24,1780,1,0,2020/3/25 10:02,2020/4/7 10:05
2020/3/24,29-522847,BON-DFL-20009,70,0,2020/5/13,1780,1,0,2020/3/25 10:02,
2020/3/24,29-522851,BON-DFL-20008,60,0,2020/5/8,3461,1,0,2020/3/25 10:02,2020/4/7 10:07
2020/3/24,29-522851,BON-DFL-20009,70,0,2020/5/15,3461,1,0,2020/3/25 10:02,
2020/3/24,29-522854,BON-DFL-20008,60,0,2020/4/24,1583,1,0,2020/3/25 10:02,2020/4/7 10:05
2020/3/24,29-522854,BON-DFL-20009,70,0,2020/5/13,1583,1,0,2020/3/25 10:02,
2020/3/24,29-522910,BON-DFL-20008,60,0,2020/5/8,4385,1,0,2020/3/25 10:02,2020/4/7 10:07
2020/3/24,29-522910,BON-DFL-20009,70,0,2020/5/15,4385,1,0,2020/3/25 10:02,
2020/3/24,97-292132,BON-DFL-20008,50,0,2020/5/8,60,1,0,2020/3/25 10:02,2020/4/7 10:07
2020/3/24,97-292132,BON-DFL-20009,60,0,2020/5/15,60,1,0,2020/3/25 10:02,
2020/3/24,97-292133,BON-DFL-20008,50,0,2020/5/8,100,1,0,2020/3/25 10:02,2020/4/7 10:07
2020/3/24,97-292133,BON-DFL-20009,60,0,2020/5/15,100,1,0,2020/3/25 10:02,
2020/3/24,97-297486,,10,0,2020/5/15,1,0,0,2020/3/25 10:02,
2020/3/25,96-291536,MLD-MD-20046,10,0,2020/3/30,3519,1,0,2020/3/25 17:51,
2020/3/25,96-291536,MLD-MD-20047,20,0,2020/3/30,3637,1,0,2020/3/25 17:51,
2020/3/25,96-291536,MLD-MD-20054,30,0,2020/3/30,4125,1,0,2020/3/25 17:51,
2020/3/25,97-292141,MLD-MD-20046,10,0,2020/3/30,3750,1,0,2020/3/25 17:51,
2020/3/25,97-292141,MLD-MD-20047,20,0,2020/3/30,3750,1,0,2020/3/25 17:51,
2020/3/25,97-292141,MLD-MD-20054,30,0,2020/3/30,3750,1,0,2020/3/25 17:51,
2020/3/26,29-112223,MLD-EX-20002,220,0,2020/4/22,37632,1,0,2020/3/27 10:26,
2020/3/26,29-112297,MLD-EX-20002,230,0,2020/5/15,5120,1,0,2020/3/27 10:26,
2020/3/26,29-112304,MLD-EX-20002,220,0,2020/5/15,5120,1,0,2020/3/27 10:26,
2020/3/26,29-112345,MLD-EX-20002,220,0,2020/5/15,512,1,0,2020/3/27 10:26,
2020/3/26,29-112367,MLD-EX-20002,270,0,2020/4/20,16000,1,0,2020/3/27 10:26,
2020/3/26,29-112371,MLD-EX-20002,250,0,2020/5/15,4000,1,0,2020/3/27 10:26,
2020/3/26,29-112500,MLD-EX-20002,250,0,2020/6/3,18216,1,0,2020/3/27 10:26,2020/4/25 15:48
2020/3/26,29-112552,MLD-EX-20002,220,0,2020/5/27,12800,1,0,2020/3/27 10:26,
2020/3/26,29-112556,MLD-EX-20001,220,0,2020/5/20,2240,1,0,2020/3/27 10:26,2020/5/12 14:06
2020/3/26,29-112637,MLD-EX-20002,220,0,2020/5/27,320,1,0,2020/3/27 10:26,2020/5/12 14:15
2020/3/26,29-112644,MLD-EX-20002,290,0,2020/5/27,720,1,0,2020/3/27 10:26,2020/5/12 14:15
2020/3/26,29-112647,MLD-EX-20002,280,0,2020/5/27,1280,1,0,2020/3/27 10:26,2020/5/12 14:15
2020/3/26,29-112648,MLD-EX-20002,250,0,2020/5/27,385,1,0,2020/3/27 10:26,2020/5/12 14:15
2020/3/26,29-112652,MLD-EX-20002,250,0,2020/5/27,321,1,0,2020/3/27 10:26,2020/5/12 14:15
2020/3/26,29-112655,MLD-EX-20002,250,0,2020/5/27,3841,1,0,2020/3/27 10:26,2020/5/12 14:15
2020/3/26,29-112658,MLD-EX-20002,250,0,2020/5/27,1540,1,0,2020/3/27 10:26,2020/5/12 14:15
2020/3/26,29-112659,MLD-EX-20002,250,0,2020/5/27,2305,1,0,2020/3/27 10:26,2020/5/12 14:15
2020/3/26,29-112660,MLD-EX-20002,250,0,2020/5/27,640,1,0,2020/3/27 10:26,2020/5/12 14:15
2020/3/26,29-112682,MLD-EX-20001,270,0,2020/5/20,2000,1,0,2020/3/27 10:26,2020/5/12 14:06
2020/3/26,29-112717,MLD-EX-20001,220,0,2020/5/20,1008,1,0,2020/3/27 10:26,2020/5/12 14:06
2020/3/26,29-112892,MLD-EX-20001,220,0,2020/5/20,896,1,0,2020/3/27 10:26,2020/5/12 14:06
2020/3/26,29-522799,MLD-EX-20002,220,0,2020/5/27,1600,1,0,2020/3/27 10:26,2020/5/12 14:15
2020/3/26,29-522814,MLD-EX-20002,250,0,2020/6/5,10080,1,0,2020/3/27 10:26,2020/4/25 15:48
2020/3/26,29-522868,BON-MD-20023,60,0,2020/6/15,10232,1,0,2020/3/27 10:26,2020/5/12 10:32
2020/3/26,29-522868,MLD-MD-20035,70,0,2020/6/15,10181,1,0,2020/3/27 10:26,2020/5/12 10:34
2020/3/26,29-522868,MLD-MD-20053,80,0,2020/4/24,5116,1,0,2020/3/27 10:26,
2020/3/26,29-522869,BON-MD-20023,60,0,2020/6/17,10232,1,0,2020/3/27 10:26,2020/5/12 10:32
2020/3/26,29-522869,MLD-MD-20035,70,0,2020/6/17,10181,1,0,2020/3/27 10:26,2020/5/12 10:34
2020/3/26,29-522869,MLD-MD-20053,80,0,2020/5/20,5116,1,0,2020/3/27 10:26,2020/5/12 14:06
2020/3/26,29-522870,BON-MD-20023,60,0,2020/6/19,10232,1,0,2020/3/27 10:26,2020/5/12 10:32
2020/3/26,29-522870,MLD-MD-20035,70,0,2020/6/19,10181,1,0,2020/3/27 10:26,2020/5/12 10:36
2020/3/26,29-522870,MLD-MD-20052,80,0,2020/5/8,5116,1,0,2020/3/27 10:26,
2020/3/26,29-522873,BON-MD-20023,60,0,2020/6/22,10232,1,0,2020/3/27 10:26,2020/5/12 10:33
2020/3/26,29-522873,MLD-MD-20035,70,0,2020/6/22,10181,1,0,2020/3/27 10:26,2020/5/12 10:36
2020/3/26,29-522873,MLD-MD-20052,80,0,2020/5/20,5116,1,0,2020/3/27 10:26,2020/5/12 13:55
2020/3/26,29-522876,BON-MD-20015,80,0,2020/5/11,8523,1,0,2020/3/27 10:26,
2020/3/26,29-522876,CAS-MD-20009,90,0,2020/5/11,4368,1,0,2020/3/27 10:26,
2020/3/26,29-522876,CAS-MD-20016,100,0,2020/5/11,4368,1,0,2020/3/27 10:26,
2020/3/26,29-522881,BON-DFL-20008,60,0,2020/5/8,347,1,0,2020/3/27 10:26,2020/4/7 10:07
2020/3/26,29-522881,BON-DFL-20009,70,0,2020/5/13,347,1,0,2020/3/27 10:26,
2020/3/26,29-522884,BON-DFL-20008,60,0,2020/5/8,347,1,0,2020/3/27 10:26,2020/4/7 10:07
2020/3/26,29-522884,BON-DFL-20009,70,0,2020/5/13,347,1,0,2020/3/27 10:26,
2020/3/26,29-522887,BON-DFL-20008,60,0,2020/5/8,347,1,0,2020/3/27 10:26,2020/4/7 10:07
2020/3/26,29-522887,BON-DFL-20009,70,0,2020/5/13,347,1,0,2020/3/27 10:26,
2020/3/26,29-522891,BON-DFL-20008,60,0,2020/5/8,347,1,0,2020/3/27 10:26,2020/4/7 10:07
2020/3/26,29-522891,BON-DFL-20009,70,0,2020/5/13,347,1,0,2020/3/27 10:26,
2020/3/26,29-522892,BON-DFL-20008,60,0,2020/5/8,347,1,0,2020/3/27 10:26,2020/4/7 10:07
2020/3/26,29-522892,BON-DFL-20009,70,0,2020/5/13,347,1,0,2020/3/27 10:26,
2020/3/26,29-522895,BON-DFL-20008,60,0,2020/5/8,347,1,0,2020/3/27 10:26,2020/4/7 10:07
2020/3/26,29-522895,BON-DFL-20009,70,0,2020/5/13,347,1,0,2020/3/27 10:26,
2020/3/26,29-522898,BON-DFL-20008,60,0,2020/5/8,347,1,0,2020/3/27 10:26,2020/4/7 10:07
2020/3/26,29-522898,BON-DFL-20009,70,0,2020/5/13,347,1,0,2020/3/27 10:26,
2020/3/26,96-299566,MLD-EX-20002,220,0,2020/5/27,60,1,0,2020/3/27 10:26,2020/5/12 14:15
2020/3/26,97-292146,MLD-MD-20051,70,0,2020/4/6,243,1,0,2020/3/27 10:26,
2020/3/26,97-292146,MLD-MD-20060,60,0,2020/4/6,243,1,0,2020/3/27 10:26,
2020/3/26,97-292148,MLD-MD-20049,60,0,2020/4/24,213,1,0,2020/3/27 10:26,
2020/3/26,97-292148,MLD-MD-20059,50,0,2020/4/24,213,1,0,2020/3/27 10:26,
2020/4/3,29-112456,MLD-MD-20036,85,0,2020/5/15,5000,1,0,2020/4/3 19:05,
2020/4/3,29-112497,MLD-MD-20035,70,1,2020/6/19,12512,0,0,2020/4/3 19:05,2020/5/12 10:36
2020/4/3,29-112497,MLD-MD-20035,70,2,2020/6/22,10000,1,0,2020/4/3 19:14,2020/5/12 10:36
2020/4/3,29-112497,MLD-MD-20036,80,0,2020/5/15,11256,1,0,2020/4/3 19:05,
2020/4/3,29-112501,MLD-MD-20035,70,1,2020/5/15,15000,0,0,2020/4/3 19:05,2020/5/12 13:53
2020/4/3,29-112501,MLD-MD-20035,70,2,2020/5/20,16758,1,0,2020/4/3 19:13,2020/5/12 13:53
2020/4/3,29-112501,MLD-MD-20036,80,0,2020/6/15,15879,1,0,2020/4/3 19:05,2020/5/12 10:37
2020/4/3,29-112832,MLD-EX-20001,240,0,2020/6/3,4227,1,0,2020/4/3 19:05,
2020/4/3,29-112914,BON-MD-20023,60,0,2020/6/19,14919,1,0,2020/4/3 19:05,2020/5/12 10:32
2020/4/3,29-112914,MLD-MD-20035,70,0,2020/5/13,14280,1,0,2020/4/3 19:05,
2020/4/3,29-112914,MLD-MD-20036,80,0,2020/4/24,7140,1,0,2020/4/3 19:05,
2020/4/3,29-112958,BON-MD-20023,60,0,2020/6/22,840,1,0,2020/4/3 19:05,2020/5/12 10:33
2020/4/3,29-112958,MLD-MD-20035,70,0,2020/5/13,804,1,0,2020/4/3 19:05,
2020/4/3,29-112958,MLD-MD-20036,80,0,2020/4/24,408,1,0,2020/4/3 19:05,
2020/4/3,29-522814,MLD-MD-20035,70,0,2020/6/17,10181,1,0,2020/4/3 19:05,2020/5/12 10:34
2020/4/3,29-522817,MLD-MD-20035,70,0,2020/6/15,9979,1,0,2020/4/3 19:05,2020/5/12 10:34
2020/4/3,29-585356,BON-EX-20018,40,0,2020/4/10,481,1,0,2020/4/3 19:05,
2020/4/3,29-585356,BON-MD-20026,60,0,2020/4/13,473,1,0,2020/4/3 19:05,
2020/4/3,29-585356,CAS-MD-20021,120,0,2020/4/13,464,1,0,2020/4/3 19:05,
2020/4/3,29-585356,CAS-MD-20022,130,0,2020/4/13,464,1,0,2020/4/3 19:05,
2020/4/3,29-585356,MLD-MD-20057,70,0,2020/4/13,464,1,0,2020/4/3 19:05,
2020/4/3,90-295165,BON-EX-20018,20,0,2020/4/10,480,1,0,2020/4/3 19:05,
2020/4/3,97-292137,BON-EX-20018,40,0,2020/4/10,500,1,0,2020/4/3 19:05,
2020/4/3,97-292137,BON-MD-20026,60,0,2020/4/13,200,1,0,2020/4/3 19:05,
2020/4/3,97-292137,CAS-MD-20021,120,0,2020/4/13,200,1,0,2020/4/3 19:05,
2020/4/3,97-292137,CAS-MD-20022,130,0,2020/4/13,200,1,0,2020/4/3 19:05,
2020/4/3,97-292137,MLD-MD-20057,70,0,2020/4/13,200,1,0,2020/4/3 19:05,
2020/4/3,97-292152,BON-EX-20018,50,0,2020/4/10,46,1,0,2020/4/3 19:05,
2020/4/3,97-292152,BON-MD-20026,70,0,2020/4/13,43,1,0,2020/4/3 19:05,
2020/4/3,97-292152,CAS-MD-20021,130,0,2020/4/13,43,1,0,2020/4/3 19:05,
2020/4/3,97-292152,CAS-MD-20022,140,0,2020/4/13,43,1,0,2020/4/3 19:05,
2020/4/3,97-292152,MLD-MD-20057,80,0,2020/4/13,43,1,0,2020/4/3 19:05,
2020/4/3,97-292154,BON-EX-20018,50,0,2020/4/10,46,1,0,2020/4/3 19:05,
2020/4/3,97-292154,BON-MD-20026,70,0,2020/4/13,43,1,0,2020/4/3 19:05,
2020/4/3,97-292154,CAS-MD-20021,130,0,2020/4/13,43,1,0,2020/4/3 19:05,
2020/4/3,97-292154,CAS-MD-20022,140,0,2020/4/13,43,1,0,2020/4/3 19:05,
2020/4/3,97-292154,MLD-MD-20057,80,0,2020/4/13,43,1,0,2020/4/3 19:05,
2020/4/3,97-292155,BON-EX-20018,50,0,2020/4/10,28,1,0,2020/4/3 19:05,
2020/4/3,97-292155,BON-MD-20026,70,0,2020/4/13,25,1,0,2020/4/3 19:05,
2020/4/3,97-292155,CAS-MD-20021,130,0,2020/4/13,25,1,0,2020/4/3 19:05,
2020/4/3,97-292155,CAS-MD-20022,140,0,2020/4/13,25,1,0,2020/4/3 19:05,
2020/4/3,97-292155,MLD-MD-20057,80,0,2020/4/13,25,1,0,2020/4/3 19:05,
2020/4/3,98-295467,MLD-EX-20001,210,0,2020/6/3,8,1,0,2020/4/3 19:05,
2020/4/8,29-112800,CAS-MD-20009,90,0,2020/4/17,1120,1,0,2020/4/8 15:32,
2020/4/8,29-112800,CAS-MD-20015,105,0,2020/4/17,1232,1,0,2020/4/8 15:32,
2020/4/10,29-112914,MLD-MD-20031,110,0,2020/4/24,7211,1,0,2020/4/13 19:40,
2020/4/10,29-112914,MLD-MD-20032,120,0,2020/4/24,7211,1,0,2020/4/13 19:40,
2020/4/10,29-112958,MLD-MD-20031,110,0,2020/5/11,408,1,0,2020/4/13 19:40,
2020/4/10,29-112958,MLD-MD-20032,120,0,2020/5/11,408,1,0,2020/4/13 19:40,
2020/4/10,29-522868,MLD-MD-20031,110,0,2020/4/24,5116,1,0,2020/4/13 19:40,
2020/4/10,29-522868,MLD-MD-20032,120,0,2020/4/24,5116,1,0,2020/4/13 19:40,
2020/4/10,29-522869,MLD-MD-20031,110,0,2020/4/24,5116,1,0,2020/4/13 19:40,
2020/4/10,29-522869,MLD-MD-20032,120,0,2020/4/24,5116,1,0,2020/4/13 19:40,
2020/4/10,29-522870,MLD-MD-20031,110,0,2020/5/11,5116,1,0,2020/4/13 19:40,
2020/4/10,29-522870,MLD-MD-20032,120,0,2020/5/11,5116,1,0,2020/4/13 19:40,
2020/4/10,29-522873,MLD-MD-20031,110,0,2020/5/11,5116,1,0,2020/4/13 19:40,
2020/4/10,29-522873,MLD-MD-20032,120,0,2020/5/11,5116,1,0,2020/4/13 19:40,
2020/4/10,97-297511,MLD-MD-20031,100,0,2020/5/11,61,1,0,2020/4/13 19:40,
2020/4/10,97-297511,MLD-MD-20032,110,0,2020/5/11,61,1,0,2020/4/13 19:40,
2020/4/10,97-297512,MLD-MD-20031,100,0,2020/5/11,61,1,0,2020/4/13 19:40,
2020/4/10,97-297512,MLD-MD-20032,110,0,2020/5/11,61,1,0,2020/4/13 19:40,
2020/4/10,97-297513,MLD-MD-20031,100,0,2020/5/11,61,1,0,2020/4/13 19:40,
2020/4/10,97-297513,MLD-MD-20032,110,0,2020/5/11,61,1,0,2020/4/13 19:40,
2020/4/16,29-112555,MLD-EX-20002,220,0,2020/5/20,1600,1,0,2020/4/16 20:09,
2020/4/16,29-112566,MLD-EX-20002,220,0,2020/5/20,1024,1,0,2020/4/16 20:09,
2020/4/16,29-112663,MLD-EX-20002,220,0,2020/5/20,512,1,0,2020/4/16 20:09,
2020/4/16,29-112666,MLD-EX-20002,220,0,2020/5/20,512,1,0,2020/4/16 20:09,
2020/4/16,29-112669,MLD-EX-20002,220,0,2020/5/20,6400,1,0,2020/4/16 20:09,
2020/4/16,29-112670,MLD-EX-20002,220,0,2020/5/20,2560,1,0,2020/4/16 20:09,
2020/4/16,29-112674,MLD-EX-20002,220,0,2020/5/20,640,1,0,2020/4/16 20:09,
2020/4/16,29-112677,MLD-EX-20002,220,0,2020/5/20,512,1,0,2020/4/16 20:09,
2020/4/16,29-112752,MLD-EX-20002,220,0,2020/5/20,4096,1,0,2020/4/16 20:09,
2020/4/16,29-112821,MLD-EX-20002,220,0,2020/5/20,600,1,0,2020/4/16 20:09,
2020/4/16,29-112910,MLD-EX-20002,240,0,2020/5/20,1200,1,0,2020/4/16 20:09,2020/5/12 14:06
2020/4/16,29-112968,MLD-EX-20002,220,0,2020/5/27,320,1,0,2020/4/16 20:09,
2020/4/16,29-112969,MLD-EX-20002,220,0,2020/5/27,512,1,0,2020/4/16 20:09,
2020/4/16,29-112970,MLD-EX-20002,220,0,2020/5/27,1600,1,0,2020/4/16 20:09,
2020/4/16,29-112973,MLD-EX-20002,220,0,2020/5/27,1600,1,0,2020/4/16 20:09,
2020/4/16,29-112976,MLD-EX-20002,220,0,2020/5/27,960,1,0,2020/4/16 20:09,
2020/4/16,29-112980,MLD-EX-20002,280,0,2020/5/20,480,1,0,2020/4/16 20:09,2020/5/12 14:06
2020/4/16,29-112981,MLD-EX-20002,280,0,2020/5/20,256,1,0,2020/4/16 20:09,2020/5/12 14:06
2020/4/16,29-112984,MLD-EX-20002,270,0,2020/5/20,244,1,0,2020/4/16 20:09,2020/5/12 14:06
2020/4/16,29-112987,MLD-EX-20002,250,0,2020/5/20,385,1,0,2020/4/16 20:09,2020/5/12 14:06
2020/4/16,29-112992,MLD-EX-20002,250,0,2020/5/27,321,1,0,2020/4/16 20:09,
2020/4/16,29-112995,MLD-EX-20002,250,0,2020/5/27,320,1,0,2020/4/16 20:09,
2020/4/16,29-112998,MLD-EX-20002,250,0,2020/5/27,960,1,0,2020/4/16 20:09,
2020/4/16,29-113000,MLD-EX-20002,250,0,2020/5/27,1155,1,0,2020/4/16 20:09,
2020/4/16,29-113001,MLD-EX-20002,260,0,2020/5/27,1921,1,0,2020/4/16 20:09,
2020/4/16,29-113004,MLD-EX-20002,250,0,2020/5/27,3841,1,0,2020/4/16 20:09,
2020/4/16,29-522868,MLD-EX-20002,250,0,2020/5/20,10080,1,0,2020/4/16 20:09,2020/5/12 14:06
2020/4/16,29-522928,BON-DFL-20008,60,0,2020/5/13,4385,1,0,2020/4/16 20:09,
2020/4/16,29-522928,BON-DFL-20009,70,0,2020/5/20,4385,1,0,2020/4/16 20:09,
2020/4/16,98-295442,MLD-EX-20002,220,0,2020/5/20,8,1,0,2020/4/16 20:09,
2020/5/12,29-113160,MLD-EX-20001,240,0,2020/6/10,4227,1,0,2020/5/12 12:46,
2020/5/12,29-113239,MLD-EX-20002,240,0,2020/6/10,4480,1,0,2020/5/12 12:46,
2020/5/12,29-113240,MLD-EX-20002,220,0,2020/6/10,2048,1,0,2020/5/12 12:46,
2020/5/12,29-113241,MLD-EX-20002,220,0,2020/6/10,2048,1,0,2020/5/12 12:46,
2020/5/12,29-113244,MLD-EX-20002,220,0,2020/6/10,512,1,0,2020/5/12 12:46,
2020/5/12,29-113247,MLD-EX-20002,220,0,2020/6/10,1024,1,0,2020/5/12 12:46,
2020/5/12,29-113251,MLD-EX-20002,220,0,2020/6/10,1536,1,0,2020/5/12 12:46,
2020/5/12,29-113255,MLD-EX-20002,220,0,2020/6/10,1536,1,0,2020/5/12 12:46,
2020/5/12,29-113258,MLD-EX-20002,220,0,2020/6/10,1024,1,0,2020/5/12 12:46,
2020/5/12,29-113263,MLD-EX-20002,220,0,2020/6/10,512,1,0,2020/5/12 12:46,
2020/5/12,29-113269,MLD-EX-20002,240,0,2020/6/10,1024,1,0,2020/5/12 12:46,
2020/5/12,29-522869,MLD-EX-20002,250,0,2020/5/15,10080,1,0,2020/5/12 12:46,2020/5/12 13:44
2020/5/12,29-522916,MLD-EX-20001,210,0,2020/6/10,4224,1,0,2020/5/12 12:46,
2020/5/12,29-522917,MLD-EX-20002,220,0,2020/6/15,14976,1,0,2020/5/12 12:46,
2020/5/12,29-522921,MLD-EX-20002,220,0,2020/6/17,14976,1,0,2020/5/12 12:46,
2020/5/12,29-522935,BON-DFL-20008,60,0,2020/5/20,347,1,0,2020/5/12 12:46,2020/5/18 18:25
2020/5/12,29-522935,BON-DFL-20009,70,0,2020/5/20,347,1,0,2020/5/12 12:46,2020/5/18 18:25
2020/5/12,29-522938,BON-DFL-20008,60,0,2020/5/20,347,1,0,2020/5/12 12:46,2020/5/18 18:25
2020/5/12,29-522938,BON-DFL-20009,70,0,2020/5/20,347,1,0,2020/5/12 12:46,2020/5/18 18:25
2020/5/12,29-522939,BON-DFL-20008,60,0,2020/5/20,347,1,0,2020/5/12 12:46,2020/5/18 18:25
2020/5/12,29-522939,BON-DFL-20009,70,0,2020/5/20,347,1,0,2020/5/12 12:46,2020/5/18 18:25
2020/5/12,29-522940,BON-DFL-20008,60,0,2020/5/20,347,1,0,2020/5/12 12:46,2020/5/18 18:25
2020/5/12,29-522940,BON-DFL-20009,70,0,2020/5/20,347,1,0,2020/5/12 12:46,2020/5/18 18:25
2020/5/12,29-522943,BON-DFL-20008,60,0,2020/5/20,347,1,0,2020/5/12 12:46,2020/5/18 18:25
2020/5/12,29-522943,BON-DFL-20009,70,0,2020/5/20,347,1,0,2020/5/12 12:46,2020/5/18 18:25
2020/5/15,29-113152,MLD-EX-20002,200,1,2020/6/24,19968,0,0,2020/5/15 17:45,2020/5/15 18:00
2020/5/15,29-113152,MLD-EX-20002,200,2,2020/6/26,19968,0,0,2020/5/15 18:00,
2020/5/15,29-113152,MLD-EX-20002,200,3,2020/6/29,19968,0,0,2020/5/15 18:00,
2020/5/15,29-113152,MLD-EX-20002,200,4,2020/7/1,19968,0,0,2020/5/15 18:00,
2020/5/15,29-113152,MLD-EX-20002,200,5,2020/7/3,19968,1,0,2020/5/15 18:00,
2020/5/15,29-113158,MLD-EX-20002,240,0,2020/6/1,12480,1,0,2020/5/15 17:45,
2020/5/15,29-113159,MLD-EX-20002,240,0,2020/6/12,12480,1,0,2020/5/15 17:45,
2020/5/15,29-113328,MLD-EX-20002,220,0,2020/6/12,320,1,0,2020/5/15 17:45,
2020/5/15,29-113332,MLD-EX-20002,220,0,2020/6/12,640,1,0,2020/5/15 17:45,
2020/5/15,29-113355,MLD-EX-20001,260,0,2020/6/17,2000,1,0,2020/5/15 17:45,
2020/5/15,29-113369,MLD-EX-20002,280,0,2020/6/12,160,1,0,2020/5/15 17:45,
2020/5/15,29-113370,MLD-EX-20002,250,0,2020/6/12,385,1,0,2020/5/15 17:45,
2020/5/15,29-113373,MLD-EX-20002,250,0,2020/6/12,2305,1,0,2020/5/15 17:45,
2020/5/15,29-113376,MLD-EX-20002,250,0,2020/6/12,2305,1,0,2020/5/15 17:45,
2020/5/15,29-113377,MLD-EX-20002,250,0,2020/6/19,320,1,0,2020/5/15 17:45,
2020/5/15,29-113381,MLD-EX-20002,220,0,2020/6/19,320,1,0,2020/5/15 17:45,
2020/5/15,29-113384,MLD-EX-20002,220,0,2020/6/19,512,1,0,2020/5/15 17:45,
2020/5/15,29-113387,MLD-EX-20002,220,0,2020/6/19,6400,1,0,2020/5/15 17:45,
2020/5/15,29-113388,MLD-EX-20002,220,0,2020/6/19,1600,1,0,2020/5/15 17:45,
2020/5/15,29-113392,MLD-EX-20002,220,0,2020/6/19,320,1,0,2020/5/15 17:45,
2020/5/15,29-113484,MLD-EX-20002,250,0,2020/6/22,17940,1,0,2020/5/15 17:45,
2020/5/15,29-113516,MLD-EX-20002,220,0,2020/6/19,1024,1,0,2020/5/15 17:45,
2020/5/15,29-113517,MLD-EX-20002,220,0,2020/6/19,1024,1,0,2020/5/15 17:45,
2020/5/15,29-113521,MLD-EX-20002,220,0,2020/6/19,1024,1,0,2020/5/15 17:45,
2020/5/15,29-113524,MLD-EX-20002,220,0,2020/6/19,1024,1,0,2020/5/15 17:45,
2020/5/15,29-113527,MLD-EX-20002,220,0,2020/6/19,1536,1,0,2020/5/15 17:45,
2020/5/15,29-113528,MLD-EX-20002,220,0,2020/6/19,512,1,0,2020/5/15 17:45,
2020/5/15,29-113532,MLD-EX-20002,220,0,2020/6/19,512,1,0,2020/5/15 17:45,
2020/5/15,29-113535,MLD-EX-20002,220,0,2020/6/19,1024,1,0,2020/5/15 17:45,
2020/5/15,29-113538,MLD-EX-20002,220,0,2020/6/19,512,1,0,2020/5/15 17:45,
2020/5/15,29-113539,MLD-EX-20002,220,0,2020/6/19,2048,1,0,2020/5/15 17:45,
2020/5/15,29-113546,MLD-EX-20001,240,0,2020/6/17,4227,1,0,2020/5/15 17:45,
2020/5/15,29-113549,MLD-EX-20002,240,0,2020/6/8,12480,1,0,2020/5/15 17:45,
2020/5/15,29-585356,MLD-MD-20055,80,0,2020/5/27,464,1,0,2020/5/15 15:07,
2020/5/15,29-585356,MLD-MD-20056,90,0,2020/5/27,464,1,0,2020/5/15 15:07,
2020/5/15,29-585383,MLD-MD-20055,90,0,2020/5/27,225,1,0,2020/5/15 15:07,
2020/5/15,29-585383,MLD-MD-20056,100,0,2020/5/27,225,1,0,2020/5/15 15:07,
2020/5/15,97-292137,MLD-MD-20055,80,0,2020/5/27,200,1,0,2020/5/15 15:07,
2020/5/15,97-292137,MLD-MD-20056,90,0,2020/5/27,200,1,0,2020/5/15 15:07,
2020/5/15,97-292152,MLD-MD-20055,90,0,2020/5/27,43,1,0,2020/5/15 15:07,
2020/5/15,97-292152,MLD-MD-20056,100,0,2020/5/27,43,1,0,2020/5/15 15:07,
2020/5/15,97-292154,MLD-MD-20055,90,0,2020/5/27,43,1,0,2020/5/15 15:07,
2020/5/15,97-292154,MLD-MD-20056,100,0,2020/5/27,43,1,0,2020/5/15 15:07,
2020/5/15,97-292155,MLD-MD-20055,90,0,2020/5/27,25,1,0,2020/5/15 15:07,
2020/5/15,97-292155,MLD-MD-20056,100,0,2020/5/27,25,1,0,2020/5/15 15:07,
2020/5/27,29-113609,BON-NDS-20002,80,0,2020/6/19,13090,1,0,2020/5/27 15:12,
2020/5/27,29-113609,CAS-NDS-20001,90,1,2020/6/12,3300,0,0,2020/5/27 15:12,2020/5/27 15:15
2020/5/27,29-113609,CAS-NDS-20001,90,2,2020/6/19,3310,1,0,2020/5/27 15:15,
2020/5/27,29-113609,CAS-NDS-20002,100,1,2020/6/12,3300,0,0,2020/5/27 15:12,2020/5/27 15:16
2020/5/27,29-113609,CAS-NDS-20002,100,2,2020/6/19,3310,1,0,2020/5/27 15:16,
2020/5/27,29-113609,MLD-NDS-20001,120,1,2020/6/12,6600,0,0,2020/5/27 15:12,2020/5/27 15:18
2020/5/27,29-113609,MLD-NDS-20001,120,2,2020/6/19,6490,1,0,2020/5/27 15:18,
2020/5/27,29-113609,MLD-NDS-20002,110,1,2020/6/12,6600,0,0,2020/5/27 15:12,2020/5/27 15:19
2020/5/27,29-113609,MLD-NDS-20002,110,2,2020/6/19,6490,1,0,2020/5/27 15:19,
2020/5/27,29-113609,SPR-NDS-20001,130,0,2020/6/12,13090,1,0,2020/5/27 15:12,
2020/5/27,29-113613,BON-NDS-20002,80,0,2020/7/15,13090,1,0,2020/5/27 15:12,
2020/5/27,29-113613,CAS-NDS-20001,90,1,2020/7/10,3300,0,0,2020/5/27 15:12,2020/5/27 15:17
2020/5/27,29-113613,CAS-NDS-20001,90,2,2020/7/17,3310,1,0,2020/5/27 15:17,
2020/5/27,29-113613,CAS-NDS-20002,100,1,2020/7/10,3300,0,0,2020/5/27 15:12,2020/5/27 15:17
2020/5/27,29-113613,CAS-NDS-20002,100,2,2020/7/17,3310,1,0,2020/5/27 15:17,
2020/5/27,29-113613,MLD-NDS-20001,120,1,2020/7/10,6600,0,0,2020/5/27 15:12,2020/5/27 15:18
2020/5/27,29-113613,MLD-NDS-20001,120,2,2020/7/17,6490,1,0,2020/5/27 15:18,
2020/5/27,29-113613,MLD-NDS-20002,110,1,2020/7/10,6600,0,0,2020/5/27 15:12,2020/5/27 15:20
2020/5/27,29-113613,MLD-NDS-20002,110,2,2020/7/19,6490,1,0,2020/5/27 15:20,
2020/5/27,29-113613,SPR-NDS-20001,130,0,2020/7/10,13090,1,0,2020/5/27 15:12,
2020/6/4,29-113155,MLD-EX-20002,200,0,2020/7/6,33280,0,0,2020/6/5 10:12,2020/6/5 13:33
2020/6/4,29-113155,MLD-EX-20002,200,0,2020/7/8,33280,0,0,2020/6/5 13:33,2020/6/5 13:33
2020/6/4,29-113155,MLD-EX-20002,200,0,2020/7/13,33280,1,0,2020/6/5 13:33,2020/6/5 13:33
2020/6/4,29-113642,MLD-EX-20002,240,0,2020/6/29,385,1,0,2020/6/5 10:12,
2020/6/4,29-113643,MLD-EX-20002,240,0,2020/6/29,385,1,0,2020/6/5 10:12,
2020/6/4,29-113646,MLD-EX-20002,250,0,2020/6/29,4609,1,0,2020/6/5 10:12,
2020/6/4,29-113649,MLD-EX-20002,220,0,2020/6/29,320,1,0,2020/6/5 10:12,
2020/6/4,29-113650,MLD-EX-20002,230,0,2020/6/29,4800,1,0,2020/6/5 10:12,
2020/6/4,29-113653,MLD-EX-20002,220,0,2020/7/10,3200,1,0,2020/6/5 10:12,
2020/6/4,29-113654,MLD-EX-20002,220,0,2020/7/10,320,1,0,2020/6/5 10:12,
2020/6/4,29-113664,MLD-EX-20002,220,0,2020/6/29,512,1,0,2020/6/5 10:12,
2020/6/4,29-113672,MLD-EX-20002,260,0,2020/7/10,512,1,0,2020/6/5 10:12,
2020/6/4,29-113675,MLD-EX-20002,240,0,2020/7/10,1921,1,0,2020/6/5 10:12,
2020/6/4,29-113676,MLD-EX-20002,220,0,2020/7/10,512,1,0,2020/6/5 10:12,
2020/6/4,29-113697,MLD-EX-20002,220,0,2020/7/10,768,1,0,2020/6/5 10:12,
2020/6/4,29-113698,MLD-EX-20002,220,0,2020/7/10,256,1,0,2020/6/5 10:12,
2020/6/4,29-113716,MLD-MD-20034,100,0,2020/6/26,1132,1,0,2020/6/5 10:12,
2020/6/4,29-113764,MLD-EX-20002,220,0,2020/7/10,2560,1,0,2020/6/5 10:12,
2020/6/4,97-297543,MLD-EX-20002,210,0,2020/6/29,136,1,0,2020/6/5 10:12,
2020/6/4,97-297544,MLD-EX-20002,210,0,2020/6/29,136,1,0,2020/6/5 10:12,
