id,datetime_hakkou,product_id,lot_num,amount,flag_used,date_deliver,place_deliver_id,cs_name,operator_deliver,flag_deliver,delete_flg,updated_at
898990,2019/11/13 03:59:00,W2131-8RT20,191113-014,800,9,,,,,,,
898991,2019/11/13 03:59:00,W2131-8RT20,191113-015,800,9,,,,,,,
898992,2019/11/13 03:59:00,MLD-MD-20035,191113-001,1200,9,,,,,,,
898993,2019/11/13 03:59:00,MLD-MD-20035,191113-002,1200,9,,,,,,,
898994,2019/11/13 03:59:00,MLD-MD-20035,191113-003,1200,9,,,,,,,
898995,2019/11/13 03:59:00,MLD-MD-20035,191113-004,1200,9,,,,,,,
898996,2019/11/13 03:59:00,MLD-MD-20035,191113-005,1200,9,,,,,,,
898997,2019/11/13 03:59:00,MLD-MD-20035,191113-006,1200,9,,,,,,,
898998,2019/11/13 03:59:00,MLD-MD-20035,191113-007,1200,9,,,,,,,
898999,2019/11/13 03:59:00,MLD-MD-20035,191113-008,1200,9,,,,,,,
899000,2019/11/13 03:59:00,MLD-MD-20035,191113-009,1200,9,,,,,,,
899001,2019/11/13 03:59:00,MLD-MD-20035,191113-010,1200,9,,,,,,,
899002,2019/11/13 03:59:00,MLD-MD-20035,191113-011,1200,9,,,,,,,
899003,2019/11/13 03:59:00,MLD-MD-20035,191113-012,1200,9,,,,,,,
899004,2019/11/13 03:59:00,MLD-MD-20035,191113-013,1200,9,,,,,,,
899005,2019/11/13 03:59:00,MLD-MD-20035,191113-014,1200,9,,,,,,,
899006,2019/11/13 03:59:00,MLD-MD-20035,191113-015,1200,9,,,,,,,
899007,2019/11/13 03:59:00,MLD-MD-20035,191113-016,1200,9,,,,,,,
899008,2019/11/13 03:59:00,MLD-MD-20035,191113-017,1200,9,,,,,,,
899009,2019/11/13 03:59:00,MLD-MD-20035,191113-018,1200,9,,,,,,,
899010,2019/11/13 03:59:00,MLD-MD-20035,IN.191113-001,600,9,,,,,,,
899011,2019/11/13 03:59:00,MLD-MD-20035,IN.191113-002,600,9,,,,,,,
899012,2019/11/13 03:59:00,MLD-MD-20035,IN.191113-003,600,9,,,,,,,
899013,2019/11/13 03:59:00,MLD-MD-20035,IN.191113-004,600,9,,,,,,,
899014,2019/11/13 03:59:00,MLD-MD-20035,IN.191113-005,600,9,,,,,,,
899015,2019/11/13 03:59:00,MLD-MD-20035,IN.191113-006,600,9,,,,,,,
899016,2019/11/13 03:59:00,MLD-MD-20035,IN.191113-007,600,9,,,,,,,
899017,2019/11/13 03:59:00,MLD-MD-20035,IN.191113-008,600,9,,,,,,,
899018,2019/11/13 03:59:00,MLD-MD-20035,IN.191113-009,600,9,,,,,,,
899019,2019/11/13 03:59:00,MLD-MD-20035,IN.191113-010,600,9,,,,,,,
899020,2019/11/13 03:59:00,MLD-MD-20035,IN.191113-011,600,9,,,,,,,
899021,2019/11/13 03:59:00,MLD-MD-20035,IN.191113-012,600,9,,,,,,,
899022,2019/11/13 03:59:00,MLD-MD-20035,IN.191113-013,600,9,,,,,,,
899023,2019/11/13 03:59:00,MLD-MD-20035,IN.191113-014,600,9,,,,,,,
899024,2019/11/13 03:59:00,MLD-MD-20035,IN.191113-015,600,9,,,,,,,
899025,2019/11/13 03:59:00,MLD-MD-20035,IN.191113-016,600,9,,,,,,,
899026,2019/11/13 03:59:00,MLD-MD-20035,IN.191113-017,600,9,,,,,,,
899027,2019/11/13 03:59:00,MLD-MD-20035,IN.191113-018,600,9,,,,,,,
899028,2019/11/13 03:59:00,MLD-MD-20035,IN.191113-019,600,9,,,,,,,
899029,2019/11/13 03:59:00,MLD-MD-20035,IN.191113-020,600,9,,,,,,,
899030,2019/11/13 03:59:00,MLD-MD-20035,IN.191113-021,600,9,,,,,,,
899031,2019/11/13 03:59:00,MLD-MD-20035,IN.191113-022,600,9,,,,,,,
899032,2019/11/13 03:59:00,MLD-MD-20035,IN.191113-023,600,9,,,,,,,
899033,2019/11/13 03:59:00,MLD-MD-20035,IN.191113-024,600,9,,,,,,,
899034,2019/11/13 03:59:00,MLD-MD-20035,IN.191113-025,600,9,,,,,,,
899035,2019/11/13 03:59:00,MLD-MD-20035,IN.191113-026,600,9,,,,,,,
899036,2019/11/13 03:59:00,MLD-MD-20035,IN.191113-027,600,9,,,,,,,
899037,2019/11/13 03:59:00,MLD-MD-20035,IN.191113-028,600,9,,,,,,,
899038,2019/11/13 03:59:00,MLD-MD-20035,IN.191113-029,600,9,,,,,,,
899039,2019/11/13 03:59:00,MLD-MD-20035,IN.191113-030,600,9,,,,,,,
899040,2019/11/13 03:59:00,MLD-MD-20035,IN.191113-031,600,9,,,,,,,
899041,2019/11/13 03:59:00,MLD-MD-20035,IN.191113-032,600,9,,,,,,,
899042,2019/11/13 03:59:00,MLD-MD-20035,IN.191113-033,600,9,,,,,,,
899043,2019/11/13 03:59:00,MLD-MD-20035,IN.191113-034,600,9,,,,,,,
899044,2019/11/13 03:59:00,MLD-MD-20035,IN.191113-035,600,9,,,,,,,
899045,2019/11/13 03:59:00,MLD-MD-20035,IN.191113-036,600,9,,,,,,,
899046,2019/11/13 04:01:00,W2131-8RT20,191113-012,800,9,,,,,,,
899047,2019/11/13 04:01:00,W2131-8RT20,191113-013,800,9,,,,,,,
899048,2019/11/13 04:03:00,P0192-63040,191113-034,200,9,,,,,,,
899049,2019/11/13 04:03:00,P0192-63040,191113-035,200,9,,,,,,,
899050,2019/11/13 04:03:00,P0192-63040,191113-036,200,9,,,,,,,
899051,2019/11/13 04:03:00,P0192-63040,191113-037,200,9,,,,,,,
899052,2019/11/13 04:03:00,P0192-63040,191113-038,200,9,,,,,,,
899053,2019/11/13 04:03:00,P0192-63040,191113-039,200,9,,,,,,,
899054,2019/11/13 04:03:00,P0192-63040,191113-040,200,9,,,,,,,
899055,2019/11/13 04:03:00,P0192-63040,191113-041,200,9,,,,,,,
899056,2019/11/13 04:03:00,P0192-63040,191113-042,200,9,,,,,,,
899057,2019/11/13 04:03:00,P0192-63040,191113-043,200,9,,,,,,,
899058,2019/11/13 04:03:00,P0192-63040,191113-044,200,9,,,,,,,
899059,2019/11/13 04:03:00,P0192-63040,191113-045,200,9,,,,,,,
899060,2019/11/13 04:03:00,P0192-63040,191113-046,200,9,,,,,,,
899061,2019/11/13 04:03:00,P0192-63040,191113-047,200,9,,,,,,,
899062,2019/11/13 04:03:00,P0192-63040,191113-048,200,9,,,,,,,
899063,2019/11/13 04:03:00,P0192-63040,191113-049,200,9,,,,,,,
899064,2019/11/13 04:03:00,P0192-63040,191113-050,200,9,,,,,,,
899065,2019/11/13 04:03:00,P0192-63040,191113-051,200,9,,,,,,,
899066,2019/11/13 04:03:00,P0192-63040,191113-052,200,9,,,,,,,
899067,2019/11/13 04:03:00,P0192-63040,191113-053,200,9,,,,,,,
899068,2019/11/13 04:03:00,P0192-63040,191113-054,200,9,,,,,,,
899069,2019/11/13 04:03:00,P0192-63040,191113-055,200,9,,,,,,,
899070,2019/11/13 04:03:00,P0192-63040,191113-056,200,9,,,,,,,
899071,2019/11/13 04:03:00,P0192-63040,191113-057,200,9,,,,,,,
899072,2019/11/13 04:03:00,P0192-63040,191113-058,200,9,,,,,,,
899073,2019/11/13 04:03:00,P0192-63040,191113-059,200,9,,,,,,,
899074,2019/11/13 04:03:00,P0192-63040,191113-060,200,9,,,,,,,
899075,2019/11/13 04:03:00,P0192-63040,191113-061,200,9,,,,,,,
899076,2019/11/13 04:03:00,P0192-63040,191113-062,200,9,,,,,,,
899077,2019/11/13 04:03:00,P0192-63040,191113-063,200,9,,,,,,,
899078,2019/11/13 04:03:00,P0192-63040,191113-064,200,9,,,,,,,
899079,2019/11/13 04:03:00,P0192-63040,191113-065,200,9,,,,,,,
899080,2019/11/13 04:03:00,P0192-63040,191113-066,200,9,,,,,,,
899081,2019/11/13 04:03:00,P0192-63040,191113-067,200,9,,,,,,,
899082,2019/11/13 04:03:00,P0192-63040,191113-068,200,9,,,,,,,
899083,2019/11/13 04:03:00,P0192-63040,191113-069,200,9,,,,,,,
899084,2019/11/13 04:03:00,P0192-63040,191113-070,200,9,,,,,,,
899085,2019/11/13 04:03:00,P0192-63040,191113-071,200,9,,,,,,,
899086,2019/11/13 04:03:00,P0192-63040,191113-072,200,9,,,,,,,
899087,2019/11/13 04:03:00,P0192-63040,191113-073,200,9,,,,,,,
899088,2019/11/13 04:03:00,P0192-63050,191113-034,200,9,,,,,,,
899089,2019/11/13 04:03:00,P0192-63050,191113-035,200,9,,,,,,,
899090,2019/11/13 04:03:00,P0192-63050,191113-036,200,9,,,,,,,
899091,2019/11/13 04:03:00,P0192-63050,191113-037,200,9,,,,,,,
899092,2019/11/13 04:03:00,P0192-63050,191113-038,200,9,,,,,,,
899093,2019/11/13 04:03:00,P0192-63050,191113-039,200,9,,,,,,,
899094,2019/11/13 04:03:00,P0192-63050,191113-040,200,9,,,,,,,
899095,2019/11/13 04:03:00,P0192-63050,191113-041,200,9,,,,,,,
899096,2019/11/13 04:03:00,P0192-63050,191113-042,200,9,,,,,,,
899097,2019/11/13 04:03:00,P0192-63050,191113-043,200,9,,,,,,,
899098,2019/11/13 04:03:00,P0192-63050,191113-044,200,9,,,,,,,
899099,2019/11/13 04:03:00,P0192-63050,191113-045,200,9,,,,,,,
899100,2019/11/13 04:03:00,P0192-63050,191113-046,200,9,,,,,,,
899101,2019/11/13 04:03:00,P0192-63050,191113-047,200,9,,,,,,,
899102,2019/11/13 04:03:00,P0192-63050,191113-048,200,9,,,,,,,
899103,2019/11/13 04:03:00,P0192-63050,191113-049,200,9,,,,,,,
899104,2019/11/13 04:03:00,P0192-63050,191113-050,200,9,,,,,,,
899105,2019/11/13 04:03:00,P0192-63050,191113-051,200,9,,,,,,,
899106,2019/11/13 04:03:00,P0192-63050,191113-052,200,9,,,,,,,
899107,2019/11/13 04:03:00,P0192-63050,191113-053,200,9,,,,,,,
899108,2019/11/13 04:03:00,P0192-63050,191113-054,200,9,,,,,,,
899109,2019/11/13 04:03:00,P0192-63050,191113-055,200,9,,,,,,,
899110,2019/11/13 04:03:00,P0192-63050,191113-056,200,9,,,,,,,
899111,2019/11/13 04:03:00,P0192-63050,191113-057,200,9,,,,,,,
899112,2019/11/13 04:03:00,P0192-63050,191113-058,200,9,,,,,,,
899113,2019/11/13 04:03:00,P0192-63050,191113-059,200,9,,,,,,,
899114,2019/11/13 04:03:00,P0192-63050,191113-060,200,9,,,,,,,
899115,2019/11/13 04:03:00,P0192-63050,191113-061,200,9,,,,,,,
899116,2019/11/13 04:03:00,P0192-63050,191113-062,200,9,,,,,,,
899117,2019/11/13 04:03:00,P0192-63050,191113-063,200,9,,,,,,,
899118,2019/11/13 04:03:00,P0192-63050,191113-064,200,9,,,,,,,
899119,2019/11/13 04:03:00,P0192-63050,191113-065,200,9,,,,,,,
899120,2019/11/13 04:03:00,P0192-63050,191113-066,200,9,,,,,,,
899121,2019/11/13 04:03:00,P0192-63050,191113-067,200,9,,,,,,,
899122,2019/11/13 04:03:00,P0192-63050,191113-068,200,9,,,,,,,
899123,2019/11/13 04:03:00,P0192-63050,191113-069,200,9,,,,,,,
899124,2019/11/13 04:03:00,P0192-63050,191113-070,200,9,,,,,,,
899125,2019/11/13 04:03:00,P0192-63050,191113-071,200,9,,,,,,,
899126,2019/11/13 04:03:00,P0192-63050,191113-072,200,9,,,,,,,
899127,2019/11/13 04:03:00,P0192-63050,191113-073,200,9,,,,,,,
899128,2019/11/13 04:09:00,BON-MD-20023,191113-155,360,0,,,,,,,
899129,2019/11/13 04:09:00,BON-MD-20023,191113-156,360,0,,,,,,,
899130,2019/11/13 04:09:00,BON-MD-20023,191113-157,360,0,,,,,,,
899131,2019/11/13 04:09:00,BON-MD-20023,191113-158,360,0,,,,,,,
899132,2019/11/13 04:09:00,BON-MD-20023,191113-159,360,0,,,,,,,
899133,2019/11/13 04:09:00,BON-MD-20023,191113-160,360,0,,,,,,,
899134,2019/11/13 04:09:00,BON-MD-20023,191113-161,360,0,,,,,,,
899135,2019/11/13 04:09:00,BON-MD-20023,191113-162,360,0,,,,,,,
899136,2019/11/13 04:09:00,BON-MD-20023,191113-163,360,0,,,,,,,
899137,2019/11/13 04:09:00,BON-MD-20023,191113-164,360,0,,,,,,,
899138,2019/11/13 04:09:00,BON-MD-20023,191113-165,360,0,,,,,,,
899139,2019/11/13 04:09:00,BON-MD-20023,191113-166,360,0,,,,,,,
899140,2019/11/13 04:09:00,BON-MD-20023,191113-167,360,0,,,,,,,
899141,2019/11/13 04:09:00,BON-MD-20023,191113-168,360,0,,,,,,,
899142,2019/11/13 04:09:00,BON-MD-20023,191113-169,360,0,,,,,,,
899143,2019/11/13 04:09:00,BON-MD-20023,191113-170,360,0,,,,,,,
899144,2019/11/13 04:09:00,BON-MD-20023,191113-171,360,0,,,,,,,
899145,2019/11/13 04:09:00,BON-MD-20023,191113-172,360,0,,,,,,,
899146,2019/11/13 04:09:00,BON-MD-20023,191113-173,360,0,,,,,,,
899147,2019/11/13 04:09:00,BON-MD-20023,191113-174,360,0,,,,,,,
899148,2019/11/13 04:09:00,BON-MD-20023,191113-175,360,0,,,,,,,
899149,2019/11/13 04:09:00,BON-MD-20023,191113-176,360,0,,,,,,,
899150,2019/11/13 04:09:00,BON-MD-20023,191113-177,360,0,,,,,,,
899151,2019/11/13 04:09:00,BON-MD-20023,191113-178,360,0,,,,,,,
899152,2019/11/13 04:09:00,BON-MD-20023,191113-179,360,0,,,,,,,
899153,2019/11/13 04:09:00,BON-MD-20023,191113-180,360,0,,,,,,,
899154,2019/11/13 04:09:00,BON-MD-20023,191113-181,360,0,,,,,,,
899155,2019/11/13 04:09:00,BON-MD-20023,191113-182,360,0,,,,,,,
899156,2019/11/13 04:09:00,BON-MD-20023,191113-183,360,0,,,,,,,
899157,2019/11/13 04:09:00,BON-MD-20023,191113-184,360,0,,,,,,,
899158,2019/11/13 04:09:00,BON-MD-20023,191113-185,360,0,,,,,,,
899159,2019/11/13 04:09:00,BON-MD-20023,191113-186,360,0,,,,,,,
899160,2019/11/13 04:09:00,BON-MD-20023,191113-187,360,0,,,,,,,
899161,2019/11/13 04:09:00,BON-MD-20023,191113-188,360,0,,,,,,,
899162,2019/11/13 04:09:00,BON-MD-20023,191113-189,360,0,,,,,,,
899163,2019/11/13 04:09:00,BON-MD-20023,191113-190,360,0,,,,,,,
899164,2019/11/13 04:09:00,BON-MD-20023,191113-191,360,0,,,,,,,
899165,2019/11/13 04:09:00,BON-MD-20023,191113-192,360,0,,,,,,,
899166,2019/11/13 04:09:00,BON-MD-20023,191113-193,360,0,,,,,,,
899167,2019/11/13 04:09:00,BON-MD-20023,191113-194,360,0,,,,,,,
899168,2019/11/13 04:09:00,BON-MD-20023,191113-195,360,0,,,,,,,
899169,2019/11/13 04:09:00,BON-MD-20023,191113-196,360,0,,,,,,,
899170,2019/11/13 04:09:00,BON-MD-20023,191113-197,360,0,,,,,,,
899171,2019/11/13 04:09:00,BON-MD-20023,191113-198,360,0,,,,,,,
899172,2019/11/13 04:09:00,BON-MD-20023,191113-199,360,0,,,,,,,
899173,2019/11/13 04:09:00,BON-MD-20023,191113-200,360,0,,,,,,,
899174,2019/11/13 04:09:00,BON-MD-20023,191113-201,360,0,,,,,,,
899175,2019/11/13 04:09:00,BON-MD-20023,191113-202,360,0,,,,,,,
899176,2019/11/13 04:09:00,BON-MD-20023,IN.191113-155,360,0,,,,,,,
899177,2019/11/13 04:09:00,BON-MD-20023,IN.191113-156,360,0,,,,,,,
899178,2019/11/13 04:09:00,BON-MD-20023,IN.191113-157,360,0,,,,,,,
899179,2019/11/13 04:09:00,BON-MD-20023,IN.191113-158,360,0,,,,,,,
899180,2019/11/13 04:09:00,BON-MD-20023,IN.191113-159,360,0,,,,,,,
899181,2019/11/13 04:09:00,BON-MD-20023,IN.191113-160,360,0,,,,,,,
899182,2019/11/13 04:09:00,BON-MD-20023,IN.191113-161,360,0,,,,,,,
899183,2019/11/13 04:09:00,BON-MD-20023,IN.191113-162,360,0,,,,,,,
899184,2019/11/13 04:09:00,BON-MD-20023,IN.191113-163,360,0,,,,,,,
899185,2019/11/13 04:09:00,BON-MD-20023,IN.191113-164,360,0,,,,,,,
899186,2019/11/13 04:09:00,BON-MD-20023,IN.191113-165,360,0,,,,,,,
899187,2019/11/13 04:09:00,BON-MD-20023,IN.191113-166,360,0,,,,,,,
899188,2019/11/13 04:09:00,BON-MD-20023,IN.191113-167,360,0,,,,,,,
899189,2019/11/13 04:09:00,BON-MD-20023,IN.191113-168,360,0,,,,,,,
899190,2019/11/13 04:09:00,BON-MD-20023,IN.191113-169,360,0,,,,,,,
899191,2019/11/13 04:09:00,BON-MD-20023,IN.191113-170,360,0,,,,,,,
899192,2019/11/13 04:09:00,BON-MD-20023,IN.191113-171,360,0,,,,,,,
899193,2019/11/13 04:09:00,BON-MD-20023,IN.191113-172,360,0,,,,,,,
899194,2019/11/13 04:09:00,BON-MD-20023,IN.191113-173,360,0,,,,,,,
899195,2019/11/13 04:09:00,BON-MD-20023,IN.191113-174,360,0,,,,,,,
899196,2019/11/13 04:09:00,BON-MD-20023,IN.191113-175,360,0,,,,,,,
899197,2019/11/13 04:09:00,BON-MD-20023,IN.191113-176,360,0,,,,,,,
899198,2019/11/13 04:09:00,BON-MD-20023,IN.191113-177,360,0,,,,,,,
899199,2019/11/13 04:09:00,BON-MD-20023,IN.191113-178,360,0,,,,,,,
899200,2019/11/13 04:09:00,BON-MD-20023,IN.191113-179,360,0,,,,,,,
899201,2019/11/13 04:09:00,BON-MD-20023,IN.191113-180,360,0,,,,,,,
899202,2019/11/13 04:09:00,BON-MD-20023,IN.191113-181,360,0,,,,,,,
899203,2019/11/13 04:09:00,BON-MD-20023,IN.191113-182,360,0,,,,,,,
899204,2019/11/13 04:09:00,BON-MD-20023,IN.191113-183,360,0,,,,,,,
899205,2019/11/13 04:09:00,BON-MD-20023,IN.191113-184,360,0,,,,,,,
899206,2019/11/13 04:09:00,BON-MD-20023,IN.191113-185,360,0,,,,,,,
899207,2019/11/13 04:09:00,BON-MD-20023,IN.191113-186,360,0,,,,,,,
899208,2019/11/13 04:09:00,BON-MD-20023,IN.191113-187,360,0,,,,,,,
899209,2019/11/13 04:09:00,BON-MD-20023,IN.191113-188,360,0,,,,,,,
899210,2019/11/13 04:09:00,BON-MD-20023,IN.191113-189,360,0,,,,,,,
899211,2019/11/13 04:09:00,BON-MD-20023,IN.191113-190,360,0,,,,,,,
899212,2019/11/13 04:09:00,BON-MD-20023,IN.191113-191,360,0,,,,,,,
899213,2019/11/13 04:09:00,BON-MD-20023,IN.191113-192,360,0,,,,,,,
899214,2019/11/13 04:09:00,BON-MD-20023,IN.191113-193,360,0,,,,,,,
899215,2019/11/13 04:09:00,BON-MD-20023,IN.191113-194,360,0,,,,,,,
899216,2019/11/13 04:09:00,BON-MD-20023,IN.191113-195,360,0,,,,,,,
899217,2019/11/13 04:09:00,BON-MD-20023,IN.191113-196,360,0,,,,,,,
899218,2019/11/13 04:09:00,BON-MD-20023,IN.191113-197,360,0,,,,,,,
899219,2019/11/13 04:09:00,BON-MD-20023,IN.191113-198,360,0,,,,,,,
899220,2019/11/13 04:09:00,BON-MD-20023,IN.191113-199,360,0,,,,,,,
899221,2019/11/13 04:09:00,BON-MD-20023,IN.191113-200,360,0,,,,,,,
899222,2019/11/13 04:09:00,BON-MD-20023,IN.191113-201,360,0,,,,,,,
899223,2019/11/13 04:09:00,BON-MD-20023,IN.191113-202,360,0,,,,,,,
899224,2019/11/13 04:10:00,P2166-67370,191113-171,30,9,,,,,,,
899225,2019/11/13 04:10:00,P2166-67470,191113-171,30,0,,,,,,,
899226,2019/11/13 04:10:00,P2166-67370,191113-172,30,9,,,,,,,
899227,2019/11/13 04:10:00,P2166-67470,191113-172,30,0,,,,,,,
899228,2019/11/13 04:10:00,P2166-67370,191113-173,30,9,,,,,,,
899229,2019/11/13 04:10:00,P2166-67470,191113-173,30,0,,,,,,,
899230,2019/11/13 04:10:00,P2166-67370,191113-174,30,9,,,,,,,
899231,2019/11/13 04:10:00,P2166-67470,191113-174,30,0,,,,,,,
899232,2019/11/13 04:10:00,P2166-67370,191113-175,30,9,,,,,,,
899233,2019/11/13 04:10:00,P2166-67470,191113-175,30,0,,,,,,,
899234,2019/11/13 04:10:00,P2166-67370,191113-176,30,9,,,,,,,
899235,2019/11/13 04:10:00,P2166-67470,191113-176,30,0,,,,,,,
899236,2019/11/13 04:10:00,P2166-67370,191113-177,30,9,,,,,,,
899237,2019/11/13 04:10:00,P2166-67470,191113-177,30,0,,,,,,,
899238,2019/11/13 04:10:00,P2166-67370,191113-178,30,9,,,,,,,
899239,2019/11/13 04:10:00,P2166-67470,191113-178,30,0,,,,,,,
899240,2019/11/13 04:10:00,P2166-02F10,191113-001,60,9,,,,,,,
899241,2019/11/13 04:10:00,P2166-02F10,191113-002,60,9,,,,,,,
899242,2019/11/13 04:10:00,P2166-02F10,191113-003,60,9,,,,,,,
899243,2019/11/13 04:10:00,P2166-02F10,191113-004,60,9,,,,,,,
899244,2019/11/13 04:10:00,P2166-02F10,191113-005,60,9,,,,,,,
899245,2019/11/13 04:10:00,P2166-02F10,191113-006,60,9,,,,,,,
899246,2019/11/13 04:10:00,P2166-02F10,191113-007,60,9,,,,,,,
899247,2019/11/13 04:10:00,P2166-02F10,191113-008,60,9,,,,,,,
899248,2019/11/13 04:10:00,P2166-02F10,191113-009,60,9,,,,,,,
899249,2019/11/13 04:10:00,P2166-02F10,191113-010,60,9,,,,,,,
899250,2019/11/13 04:10:00,P2166-02F10,191113-011,60,9,,,,,,,
899251,2019/11/13 04:10:00,P2166-02F10,191113-012,60,9,,,,,,,
899252,2019/11/13 04:10:00,P2166-02F10,191113-013,60,9,,,,,,,
899253,2019/11/13 04:10:00,P2166-02F10,191113-014,60,9,,,,,,,
899254,2019/11/13 04:10:00,P2166-02F10,191113-015,60,9,,,,,,,
899255,2019/11/13 04:10:00,P2166-02F10,191113-016,60,9,,,,,,,
899256,2019/11/13 04:10:00,P2166-02F10,191113-017,60,9,,,,,,,
899257,2019/11/13 04:10:00,P2166-02F10,191113-018,60,9,,,,,,,
899258,2019/11/13 04:10:00,P2166-02F10,191113-019,60,9,,,,,,,
899259,2019/11/13 04:10:00,P2166-02F10,191113-020,60,9,,,,,,,
899260,2019/11/13 04:10:00,P2166-02F10,191113-021,60,9,,,,,,,
899261,2019/11/13 04:10:00,P2166-02F10,191113-022,60,9,,,,,,,
899262,2019/11/13 04:10:00,P2166-02F10,191113-023,60,9,,,,,,,
899263,2019/11/13 04:10:00,P2166-02F10,191113-024,60,9,,,,,,,
899264,2019/11/13 04:10:00,P2166-02F10,191113-025,60,9,,,,,,,
899265,2019/11/13 04:10:00,P2166-02F10,191113-026,60,9,,,,,,,
899266,2019/11/13 04:10:00,P2166-02F10,191113-027,60,9,,,,,,,
899267,2019/11/13 04:10:00,P2166-02F10,191113-028,60,9,,,,,,,
899268,2019/11/13 04:10:00,P2166-02F10,191113-029,60,9,,,,,,,
899269,2019/11/13 04:10:00,P2166-02F10,191113-030,60,9,,,,,,,
899270,2019/11/13 04:10:00,P2166-02F10,191113-031,60,9,,,,,,,
899271,2019/11/13 04:10:00,P2166-02F10,191113-032,60,9,,,,,,,
899272,2019/11/13 04:10:00,P2166-02F10,191113-033,60,9,,,,,,,
899273,2019/11/13 04:10:00,P2166-02F10,191113-034,60,9,,,,,,,
899274,2019/11/13 04:10:00,P2166-02F10,191113-035,60,9,,,,,,,
899275,2019/11/13 04:10:00,P2166-02F10,191113-036,60,9,,,,,,,
899276,2019/11/13 04:10:00,P2166-02F10,191113-037,60,9,,,,,,,
899277,2019/11/13 04:10:00,P2166-02F10,191113-038,60,9,,,,,,,
899278,2019/11/13 04:10:00,P2166-02F10,191113-039,60,9,,,,,,,
899279,2019/11/13 04:10:00,P2166-02F10,191113-040,60,9,,,,,,,
899280,2019/11/13 04:10:00,P2166-02F10,191113-041,60,9,,,,,,,
899281,2019/11/13 04:10:00,P2166-02F10,191113-042,60,9,,,,,,,
899282,2019/11/13 04:10:00,P2166-02F10,191113-043,60,9,,,,,,,
899283,2019/11/13 04:10:00,P2166-02F10,191113-044,60,9,,,,,,,
899284,2019/11/13 04:10:00,P2166-02F10,191113-045,60,9,,,,,,,
899285,2019/11/13 04:10:00,P2166-02F10,191113-046,60,9,,,,,,,
899286,2019/11/13 04:10:00,P2166-02F10,191113-047,60,9,,,,,,,
899287,2019/11/13 04:10:00,P2166-02F10,191113-048,60,9,,,,,,,
899288,2019/11/13 04:10:00,P2166-02F10,191113-049,60,9,,,,,,,
899289,2019/11/13 04:10:00,P2166-02F10,191113-050,60,9,,,,,,,
899290,2019/11/13 04:10:00,P2166-02F10,191113-051,60,9,,,,,,,
899291,2019/11/13 04:10:00,P2166-02F10,191113-052,60,9,,,,,,,
899292,2019/11/13 04:10:00,P2166-02F10,191113-053,60,9,,,,,,,
899293,2019/11/13 04:10:00,P2166-02F10,191113-054,60,9,,,,,,,
899294,2019/11/13 04:10:00,P2166-02F10,191113-055,60,9,,,,,,,
899295,2019/11/13 04:10:00,P2166-02F10,191113-056,60,9,,,,,,,
899296,2019/11/13 04:10:00,P2166-02F10,191113-057,60,9,,,,,,,
899297,2019/11/13 04:10:00,P2166-02F10,191113-058,60,9,,,,,,,
899298,2019/11/13 04:10:00,P2166-02F10,191113-059,60,9,,,,,,,
899299,2019/11/13 04:10:00,P2166-02F10,191113-060,60,9,,,,,,,
899300,2019/11/13 04:10:00,P2166-02F10,191113-061,60,9,,,,,,,
899301,2019/11/13 04:10:00,P2166-02F10,191113-062,60,9,,,,,,,
899302,2019/11/13 04:10:00,P2166-02F10,191113-063,60,9,,,,,,,
899303,2019/11/13 04:10:00,P2166-02F10,191113-064,60,9,,,,,,,
899304,2019/11/13 04:10:00,P2166-02F10,191113-065,60,9,,,,,,,
899305,2019/11/13 04:10:00,P2166-02F10,191113-066,60,9,,,,,,,
899306,2019/11/13 04:10:00,P2166-02F10,191113-067,60,9,,,,,,,
899307,2019/11/13 04:10:00,P2166-02F10,191113-068,60,9,,,,,,,
899308,2019/11/13 04:10:00,P2166-02F10,191113-069,60,9,,,,,,,
899309,2019/11/13 04:10:00,P2166-02F10,191113-070,60,9,,,,,,,
899310,2019/11/13 04:10:00,P2166-02F10,191113-071,60,9,,,,,,,
899311,2019/11/13 04:10:00,P2166-02F10,191113-072,60,9,,,,,,,
899312,2019/11/13 04:10:00,P2166-02F10,191113-073,60,9,,,,,,,
899313,2019/11/13 04:10:00,P2166-02F10,191113-074,60,9,,,,,,,
899314,2019/11/13 04:10:00,P2166-02F10,191113-075,60,9,,,,,,,
899315,2019/11/13 04:10:00,P2166-02F10,191113-076,60,9,,,,,,,
899316,2019/11/13 04:10:00,P2166-02F10,191113-077,60,9,,,,,,,
899317,2019/11/13 04:10:00,P2166-02F10,191113-078,60,9,,,,,,,
899318,2019/11/13 04:10:00,P2166-02F10,191113-079,60,9,,,,,,,
899319,2019/11/13 04:10:00,P2166-02F10,191113-080,60,9,,,,,,,
899320,2019/11/13 04:10:00,P2166-02F10,191113-081,60,9,,,,,,,
899321,2019/11/13 04:10:00,P2166-02F10,191113-082,60,9,,,,,,,
899322,2019/11/13 04:10:00,P2166-02F10,191113-083,60,9,,,,,,,
899323,2019/11/13 04:10:00,P2166-02F10,191113-084,60,9,,,,,,,
899324,2019/11/13 04:10:00,P2166-02F10,191113-085,60,9,,,,,,,
899325,2019/11/13 04:23:00,BON-DFL-20008,191113-011,500,0,,,,,,,
899326,2019/11/13 04:23:00,BON-DFL-20008,191113-012,500,0,,,,,,,
899327,2019/11/13 04:23:00,BON-DFL-20008,191113-013,500,0,,,,,,,
899328,2019/11/13 04:23:00,BON-DFL-20008,IN.191113-011,500,0,,,,,,,
899329,2019/11/13 04:23:00,BON-DFL-20008,IN.191113-012,500,0,,,,,,,
899330,2019/11/13 04:23:00,BON-DFL-20008,IN.191113-013,500,0,,,,,,,
899331,2019/11/13 04:23:00,CAS-NDS-20002,191113-001,144,9,,,,,,,
899332,2019/11/13 04:23:00,CAS-NDS-20002,191113-002,144,9,,,,,,,
899333,2019/11/13 04:23:00,CAS-NDS-20002,191113-003,144,9,,,,,,,
899334,2019/11/13 04:23:00,CAS-NDS-20002,191113-004,144,9,,,,,,,
899335,2019/11/13 04:23:00,CAS-NDS-20002,191113-005,144,9,,,,,,,
899336,2019/11/13 04:23:00,CAS-NDS-20002,191113-006,144,9,,,,,,,
899337,2019/11/13 04:23:00,CAS-NDS-20002,191113-007,144,9,,,,,,,
899338,2019/11/13 04:23:00,CAS-NDS-20002,191113-008,144,9,,,,,,,
899339,2019/11/13 04:23:00,CAS-NDS-20002,191113-009,144,9,,,,,,,
899340,2019/11/13 04:23:00,CAS-NDS-20002,191113-010,144,9,,,,,,,
899341,2019/11/13 04:23:00,CAS-NDS-20002,191113-011,144,9,,,,,,,
899342,2019/11/13 04:23:00,CAS-NDS-20002,IN.191113-001,144,9,,,,,,,
899343,2019/11/13 04:23:00,CAS-NDS-20002,IN.191113-002,144,9,,,,,,,
899344,2019/11/13 04:23:00,CAS-NDS-20002,IN.191113-003,144,9,,,,,,,
899345,2019/11/13 04:23:00,CAS-NDS-20002,IN.191113-004,144,9,,,,,,,
899346,2019/11/13 04:23:00,CAS-NDS-20002,IN.191113-005,144,9,,,,,,,
899347,2019/11/13 04:23:00,CAS-NDS-20002,IN.191113-006,144,9,,,,,,,
899348,2019/11/13 04:23:00,CAS-NDS-20002,IN.191113-007,144,9,,,,,,,
899349,2019/11/13 04:23:00,CAS-NDS-20002,IN.191113-008,144,9,,,,,,,
899350,2019/11/13 04:23:00,CAS-NDS-20002,IN.191113-009,144,9,,,,,,,
899351,2019/11/13 04:23:00,CAS-NDS-20002,IN.191113-010,144,9,,,,,,,
899352,2019/11/13 04:23:00,CAS-NDS-20002,IN.191113-011,144,9,,,,,,,
899353,2019/11/13 04:24:00,BON-DFL-20009,191113-011,500,0,,,,,,,
899354,2019/11/13 04:24:00,BON-DFL-20009,191113-012,500,0,,,,,,,
899355,2019/11/13 04:24:00,BON-DFL-20009,191113-013,500,0,,,,,,,
899356,2019/11/13 04:24:00,BON-DFL-20009,IN.191113-011,500,0,,,,,,,
899357,2019/11/13 04:24:00,BON-DFL-20009,IN.191113-012,500,0,,,,,,,
899358,2019/11/13 04:24:00,BON-DFL-20009,IN.191113-013,500,0,,,,,,,
899359,2019/11/13 04:25:00,P2131-93020,191113-024,600,9,,,,,,,
899360,2019/11/13 04:25:00,P2131-93020,191113-025,600,9,,,,,,,
899361,2019/11/13 04:25:00,P2131-93020,191113-026,600,9,,,,,,,
899362,2019/11/13 04:25:00,P2131-93020,191113-027,600,9,,,,,,,
899363,2019/11/13 04:25:00,P2131-93020,191113-028,600,9,,,,,,,
899364,2019/11/13 04:25:00,P2131-93020,191113-029,600,9,,,,,,,
899365,2019/11/13 04:25:00,P2131-93020,191113-030,600,9,,,,,,,
899366,2019/11/13 04:25:00,P2131-93020,191113-031,600,9,,,,,,,
899367,2019/11/13 04:25:00,P2131-93020,191113-032,600,9,,,,,,,
899368,2019/11/13 04:25:00,P2131-93020,191113-033,600,9,,,,,,,
899369,2019/11/13 04:25:00,P2131-93020,191113-034,600,9,,,,,,,
899370,2019/11/13 04:25:00,P2131-93020,191113-035,600,9,,,,,,,
899371,2019/11/13 04:25:00,P2131-93020,191113-036,600,9,,,,,,,
899372,2019/11/13 04:25:00,P2131-93020,191113-037,600,9,,,,,,,
899373,2019/11/13 04:25:00,P2131-93020,191113-038,600,9,,,,,,,
899374,2019/11/13 04:25:00,P2131-93020,191113-039,600,9,,,,,,,
899375,2019/11/13 04:25:00,P2131-93020,191113-040,600,9,,,,,,,
899376,2019/11/13 04:25:00,P2131-93020,191113-041,600,9,,,,,,,
899377,2019/11/13 04:25:00,P2131-93020,191113-042,600,9,,,,,,,
899378,2019/11/13 04:25:00,P2131-93020,191113-043,600,9,,,,,,,
899379,2019/11/13 04:25:00,P2131-93020,191113-044,600,9,,,,,,,
899380,2019/11/13 04:25:00,P2131-93020,191113-045,600,9,,,,,,,
899381,2019/11/13 04:25:00,P2131-93020,191113-046,600,9,,,,,,,
899382,2019/11/13 04:25:00,P2131-93020,191113-047,600,9,,,,,,,
899383,2019/11/13 04:26:00,H0509-34430,191113-001,100,9,,,,,,,
899384,2019/11/13 04:26:00,H0509-34430,191113-002,100,9,,,,,,,
899385,2019/11/13 04:26:00,H0509-34430,191113-003,100,9,,,,,,,
899386,2019/11/13 04:26:00,H0509-34430,191113-004,100,9,,,,,,,
899387,2019/11/13 04:26:00,H0509-34430,191113-005,100,9,,,,,,,
899388,2019/11/13 04:26:00,H0509-34430,191113-006,100,9,,,,,,,
899389,2019/11/13 04:26:00,H0509-34430,191113-007,100,9,,,,,,,
899390,2019/11/13 04:26:00,H0509-34430,191113-008,100,9,,,,,,,
899391,2019/11/13 04:26:00,H0509-34430,191113-009,100,9,,,,,,,
899392,2019/11/13 04:26:00,H0509-34430,191113-010,100,9,,,,,,,
899393,2019/11/13 04:26:00,H0509-34430,191113-011,100,9,,,,,,,
899394,2019/11/13 04:26:00,H0509-34430,191113-012,100,9,,,,,,,
899395,2019/11/13 04:26:00,H0509-34430,191113-013,100,9,,,,,,,
899396,2019/11/13 04:26:00,H0509-34430,191113-014,100,9,,,,,,,
899397,2019/11/13 04:26:00,H0509-34430,191113-015,100,9,,,,,,,
899398,2019/11/13 04:26:00,H0509-34430,191113-016,100,9,,,,,,,
899399,2019/11/13 04:26:00,H0509-34430,191113-017,100,9,,,,,,,
899400,2019/11/13 04:26:00,H0509-34430,191113-018,100,9,,,,,,,
899401,2019/11/13 04:26:00,H0509-34430,191113-019,100,9,,,,,,,
899402,2019/11/13 04:26:00,H0509-34430,191113-020,100,9,,,,,,,
899403,2019/11/13 04:26:00,H0509-34430,191113-021,100,9,,,,,,,
899404,2019/11/13 04:26:00,H0509-34430,191113-022,100,9,,,,,,,
899405,2019/11/13 04:26:00,H0509-34430,191113-023,100,9,,,,,,,
899406,2019/11/13 04:26:00,H0509-34430,191113-024,100,9,,,,,,,
899407,2019/11/13 04:26:00,H0509-34430,191113-025,100,9,,,,,,,
899408,2019/11/13 04:26:00,H0509-34430,191113-026,100,9,,,,,,,
899409,2019/11/13 04:26:00,H0509-34430,191113-027,100,9,,,,,,,
899410,2019/11/13 04:26:00,H0509-34430,191113-028,100,9,,,,,,,
899411,2019/11/13 04:26:00,H0509-34430,191113-029,100,9,,,,,,,
899412,2019/11/13 04:26:00,H0509-34430,191113-030,100,9,,,,,,,
899413,2019/11/13 04:26:00,H0509-34430,191113-031,100,9,,,,,,,
899414,2019/11/13 04:26:00,H0509-34430,191113-032,100,9,,,,,,,
899415,2019/11/13 04:26:00,H0509-34430,191113-033,100,9,,,,,,,
899416,2019/11/13 04:26:00,H0509-34430,191113-034,100,9,,,,,,,
899417,2019/11/13 04:26:00,H0509-34430,191113-035,100,9,,,,,,,
899418,2019/11/13 04:26:00,H0509-34430,191113-036,100,9,,,,,,,
899419,2019/11/13 04:26:00,H0509-34430,191113-037,100,9,,,,,,,
899420,2019/11/13 04:26:00,H0509-34430,191113-038,100,9,,,,,,,
899421,2019/11/13 04:26:00,H0509-34430,191113-039,100,9,,,,,,,
899422,2019/11/13 04:26:00,H0509-34430,191113-040,100,9,,,,,,,
899423,2019/11/13 04:26:00,H0509-34430,191113-041,100,9,,,,,,,
899424,2019/11/13 04:26:00,H0509-34430,191113-042,100,9,,,,,,,
899425,2019/11/13 04:26:00,H0509-34430,191113-043,100,9,,,,,,,
899426,2019/11/13 04:37:00,W002,191113-001,200,0,,,,,,,
899427,2019/11/13 04:37:00,W002,191113-002,200,0,,,,,,,
899428,2019/11/13 04:37:00,W002,191113-003,200,0,,,,,,,
899429,2019/11/13 04:37:00,W002,191113-004,200,0,,,,,,,
899430,2019/11/13 04:37:00,W002,191113-005,200,0,,,,,,,
899431,2019/11/13 04:37:00,W002,191113-006,200,0,,,,,,,
899432,2019/11/13 04:37:00,W002,191113-007,200,0,,,,,,,
899433,2019/11/13 04:37:00,W002,191113-008,200,0,,,,,,,
899434,2019/11/13 04:37:00,W002,191113-009,200,0,,,,,,,
899435,2019/11/13 04:37:00,W002,191113-010,200,0,,,,,,,
899436,2019/11/13 04:37:00,W002,191113-011,200,0,,,,,,,
899437,2019/11/13 04:37:00,W002,191113-012,200,0,,,,,,,
899438,2019/11/13 04:37:00,W002,191113-013,200,0,,,,,,,
899439,2019/11/13 04:37:00,W002,191113-014,200,0,,,,,,,
899440,2019/11/13 04:37:00,W002,191113-015,200,0,,,,,,,
899441,2019/11/13 04:37:00,W002,191113-016,200,0,,,,,,,
899442,2019/11/13 04:37:00,W002,191113-017,200,0,,,,,,,
899443,2019/11/13 04:37:00,W002,191113-018,200,0,,,,,,,
899444,2019/11/13 04:37:00,W002,191113-019,200,0,,,,,,,
899445,2019/11/13 04:37:00,W002,191113-020,200,0,,,,,,,
899446,2019/11/13 04:37:00,W002,191113-021,200,0,,,,,,,
899447,2019/11/13 04:37:00,W002,191113-022,200,0,,,,,,,
899448,2019/11/13 04:37:00,W002,191113-023,200,0,,,,,,,
899449,2019/11/13 04:37:00,W002,191113-024,200,0,,,,,,,
899450,2019/11/13 04:37:00,W002,191113-025,200,0,,,,,,,
899451,2019/11/13 04:37:00,W002,191113-026,200,0,,,,,,,
899452,2019/11/13 04:37:00,W002,191113-027,200,0,,,,,,,
899453,2019/11/13 04:37:00,W002,191113-028,200,0,,,,,,,
899454,2019/11/13 04:37:00,W002,191113-029,200,0,,,,,,,
899455,2019/11/13 04:37:00,W002,191113-030,200,0,,,,,,,
899456,2019/11/13 08:21:00,AWW2111A0CW0,HS.191113-001,900,0,2019/11/14,10801023150,静岡工場,TAMURA MASASHI,2019/11/13 10:09:35,,
899457,2019/11/13 08:21:00,P0351-39000,HS.191113-001,500,9,,,,,,,
899458,2019/11/13 08:21:00,P1126-93010,HS.191113-001,400,0,,,,,,,
899459,2019/11/13 08:21:00,P3471-06F00,HS.191113-001,500,9,,,,,,,
899460,2019/11/13 08:23:00,AWW003P3EK01,191113-001,300,0,2019/11/14,10801023150,静岡工場,TAMURA MASASHI,2019/11/13 10:09:24,,
899461,2019/11/13 08:23:00,AWW003P3EK01,191113-002,300,0,2019/11/14,10801023150,静岡工場,TAMURA MASASHI,2019/11/13 10:09:28,,
899462,2019/11/13 08:23:00,AWW003PA0X00,191113-001,400,0,2019/11/14,10801023150,静岡工場,TAMURA MASASHI,2019/11/13 10:09:28,,
899463,2019/11/13 08:23:00,AWW003PA0X00,191113-002,400,0,2019/11/14,10801023150,静岡工場,TAMURA MASASHI,2019/11/13 10:09:25,,
899464,2019/11/13 08:23:00,AWW003PA0X00,191113-003,400,0,2019/11/14,10801023150,静岡工場,TAMURA MASASHI,2019/11/13 10:09:29,,
899465,2019/11/13 08:23:00,AWW003PA0X00,191113-004,400,0,2019/11/14,10801023150,静岡工場,TAMURA MASASHI,2019/11/13 10:09:25,,
899466,2019/11/13 08:23:00,AWW003PA0X00,191113-005,400,0,2019/11/14,10801023150,静岡工場,TAMURA MASASHI,2019/11/13 10:09:27,,
899467,2019/11/13 08:23:00,AWW003PA0X00,191113-006,400,0,2019/11/14,10801023150,静岡工場,TAMURA MASASHI,2019/11/13 10:09:27,,
899468,2019/11/13 08:23:00,AWW003PA0X00,191113-007,400,0,2019/11/14,10801023150,静岡工場,TAMURA MASASHI,2019/11/13 10:09:29,,
899469,2019/11/13 08:23:00,H1308-38740,191113-001,400,0,,,,,,,
899470,2019/11/13 09:43:00,P2166-67370,191113-179,30,9,,,,,,,
899471,2019/11/13 09:43:00,P2166-67470,191113-179,30,0,,,,,,,
899472,2019/11/13 09:43:00,P2166-67370,191113-180,30,9,,,,,,,
899473,2019/11/13 09:43:00,P2166-67470,191113-180,30,0,,,,,,,
899474,2019/11/13 09:43:00,P2166-67370,191113-181,30,9,,,,,,,
899475,2019/11/13 09:43:00,P2166-67470,191113-181,30,0,,,,,,,
899476,2019/11/13 09:43:00,P2166-67370,191113-182,30,9,,,,,,,
899477,2019/11/13 09:43:00,P2166-67470,191113-182,30,0,,,,,,,
899478,2019/11/13 09:43:00,P2166-67370,191113-183,30,9,,,,,,,
899479,2019/11/13 09:43:00,P2166-67470,191113-183,30,0,,,,,,,
899480,2019/11/13 09:43:00,P2166-67370,191113-184,30,9,,,,,,,
899481,2019/11/13 09:43:00,P2166-67470,191113-184,30,0,,,,,,,
899482,2019/11/13 09:43:00,P2166-67370,191113-185,30,9,,,,,,,
899483,2019/11/13 09:43:00,P2166-67470,191113-185,30,0,,,,,,,
899484,2019/11/13 09:43:00,P2166-67370,191113-186,30,9,,,,,,,
899485,2019/11/13 09:43:00,P2166-67470,191113-186,30,0,,,,,,,
899486,2019/11/13 09:43:00,P2166-67370,191113-187,30,9,,,,,,,
899487,2019/11/13 09:43:00,P2166-67470,191113-187,30,0,,,,,,,
899488,2019/11/13 09:43:00,P2166-67370,191113-188,30,9,,,,,,,
899489,2019/11/13 09:43:00,P2166-67470,191113-188,30,0,,,,,,,
899490,2019/11/13 09:56:00,P2125-10M00,191113-001,120,9,,,,,,,
899491,2019/11/13 09:56:00,P2125-10M00,191113-002,120,9,,,,,,,
899492,2019/11/13 09:56:00,P2125-10M00,191113-003,120,9,,,,,,,
899493,2019/11/13 09:56:00,P2125-10M00,191113-004,120,9,,,,,,,
899494,2019/11/13 09:56:00,P2125-10M00,191113-005,120,9,,,,,,,
899495,2019/11/13 09:56:00,P2125-10M00,191113-006,120,9,,,,,,,
899496,2019/11/13 09:56:00,P2125-10M00,191113-007,120,9,,,,,,,
899497,2019/11/13 09:56:00,P2125-10M00,191113-008,120,9,,,,,,,
899498,2019/11/13 09:56:00,P2125-10M00,191113-009,120,9,,,,,,,
899499,2019/11/13 09:56:00,P2125-10M00,191113-010,120,9,,,,,,,
899500,2019/11/13 09:56:00,P2125-10M00,191113-011,120,9,,,,,,,
899501,2019/11/13 09:56:00,P2125-10M00,191113-012,120,9,,,,,,,
899502,2019/11/13 09:56:00,P2125-10M00,191113-013,120,9,,,,,,,
899503,2019/11/13 09:56:00,P2125-10M00,191113-014,120,9,,,,,,,
899504,2019/11/13 09:56:00,P2125-10M00,191113-015,120,9,,,,,,,
899505,2019/11/13 09:56:00,P2125-10M00,191113-016,120,9,,,,,,,
899506,2019/11/13 09:56:00,P2125-10M00,191113-017,120,9,,,,,,,
899507,2019/11/13 09:56:00,P2125-10M00,191113-018,120,9,,,,,,,
899508,2019/11/13 09:56:00,P2125-10M00,191113-019,120,9,,,,,,,
899509,2019/11/13 09:56:00,P2125-10M00,191113-020,120,9,,,,,,,
899510,2019/11/13 09:56:00,P2125-10M00,191113-021,120,9,,,,,,,
899511,2019/11/13 09:56:00,P2125-10M00,191113-022,120,9,,,,,,,
899512,2019/11/13 09:56:00,P2125-10M00,191113-023,120,9,,,,,,,
899513,2019/11/13 09:56:00,P2125-10M00,191113-024,120,9,,,,,,,
899514,2019/11/13 09:56:00,P2125-10M00,191113-025,120,9,,,,,,,
899515,2019/11/13 09:56:00,P2125-10M00,191113-026,120,9,,,,,,,
899516,2019/11/13 09:56:00,P2125-10M00,191113-027,120,9,,,,,,,
899517,2019/11/13 09:56:00,P2125-10M00,191113-028,120,9,,,,,,,
899518,2019/11/13 09:56:00,P2125-10M00,191113-029,120,9,,,,,,,
899519,2019/11/13 09:56:00,P2125-10M00,191113-030,120,9,,,,,,,
899520,2019/11/13 09:56:00,P2125-10M00,191113-031,120,9,,,,,,,
899521,2019/11/13 09:56:00,P2125-10M00,191113-032,120,9,,,,,,,
899522,2019/11/13 09:56:00,P2125-10M00,191113-033,120,9,,,,,,,
899523,2019/11/13 09:56:00,P2125-10M00,191113-034,120,9,,,,,,,
899524,2019/11/13 09:56:00,P2125-10M00,191113-035,120,9,,,,,,,
899525,2019/11/13 09:56:00,P2125-10M00,191113-036,120,9,,,,,,,
899526,2019/11/13 09:56:00,P2125-10M00,191113-037,120,9,,,,,,,
899527,2019/11/13 09:56:00,P2125-10M00,191113-038,120,9,,,,,,,
899528,2019/11/13 09:56:00,P2125-10M00,191113-039,120,9,,,,,,,
899529,2019/11/13 09:56:00,P2125-10M00,191113-040,120,9,,,,,,,
899530,2019/11/13 09:56:00,P2125-10M00,191113-041,120,9,,,,,,,
899531,2019/11/13 09:56:00,P2125-10M00,191113-042,120,9,,,,,,,
899532,2019/11/13 09:56:00,P2125-10M00,191113-043,120,9,,,,,,,
899533,2019/11/13 09:56:00,P2125-10M00,191113-044,120,9,,,,,,,
899534,2019/11/13 09:56:00,P2125-10M00,191113-045,120,9,,,,,,,
899535,2019/11/13 09:56:00,P2125-10M00,191113-046,120,9,,,,,,,
899536,2019/11/13 09:56:00,P2125-10M00,191113-047,120,9,,,,,,,
